rev_hdr_distinct,pr,rev_pld_max,rev_pld_mean,pld_mean,pld_bin_inf,rev_pld_distinct,dst_port,pld_median,hdr_mean,rev_hdr_bin_40,rev_pld_var,pld_distinct,pld_max,num_pkts_in,num_pkts_out,rev_pld_bin_128,bytes_out,hdr_bin_40,src_port,hdr_distinct,id,dns_query_cnt,http_method,http_code,http_content_len,tls_key_exchange_len,tls_svr_ext_cnt,tls_svr_cs_cnt,tls_ext_cnt,tls_cnt,tls_cs_cnt,tls_svr_key_exchange_len,tls_svr_cnt,dns_answer_cnt
1,6,0,0.0,0.0,0,1,443,0,30.67,0,0.0,1,0,3,3,3,0,3,49740,2,3601079,1.0,1.0,502.0,361.0,0.0,1.0,1.0,2.0,1.0,12.0,0.0,6.0,1.0
1,6,0,0.0,0.0,0,1,443,0,30.67,0,0.0,1,0,3,3,3,0,3,50282,2,6131470,1.0,1.0,502.0,361.0,0.0,1.0,1.0,2.0,1.0,12.0,0.0,6.0,1.0
2,6,562,112.4,134.4,0,2,443,0,22.4,1,224.8,2,672,5,5,4,672,1,61189,2,7462848,1.0,1.0,400.0,362.0,0.0,1.0,1.0,2.0,1.0,12.0,0.0,6.0,1.0
1,6,0,0.0,0.0,0,1,443,0,30.67,0,0.0,1,0,3,3,3,0,3,63402,2,6429640,1.0,1.0,502.0,361.0,0.0,1.0,1.0,2.0,1.0,12.0,0.0,6.0,1.0
2,6,1460,388.6,24.0,0,4,80,0,22.4,1,546.78,2,120,5,5,2,120,1,51674,2,3267215,1.0,1.0,200.0,0.0,0.0,1.0,1.0,2.0,1.0,12.0,0.0,6.0,1.0
2,6,478,97.0,9.33,0,3,443,0,22.0,1,190.52,2,56,5,6,4,56,1,57339,2,3279246,1.0,1.0,502.0,360.0,0.0,1.0,1.0,0.0,1.0,4.0,0.0,6.0,1.0
0,6,0,0.0,307.0,1,0,50727,37,21.33,0,0.0,6,1460,0,9,0,2763,1,443,2,8738313,1.0,1.0,502.0,361.0,0.0,1.0,1.0,2.0,1.0,12.0,0.0,6.0,1.0
2,6,1460,576.08,90.27,0,6,443,0,21.09,1,650.96,5,341,12,11,5,993,1,52338,2,5352360,1.0,1.0,502.0,361.0,66.0,1.0,1.0,3.0,7.0,12.0,0.0,7.0,1.0
0,17,0,0.0,19.0,0,0,5355,19,8.0,0,0.0,1,19,0,2,0,38,0,63611,1,3419758,1.0,1.0,502.0,361.0,0.0,1.0,1.0,2.0,1.0,12.0,0.0,6.0,1.0
0,6,0,0.0,0.0,0,0,8080,0,30.67,0,0.0,1,0,0,3,0,0,3,51202,2,5875253,1.0,1.0,502.0,361.0,0.0,1.0,1.0,2.0,1.0,12.0,0.0,6.0,1.0
2,6,323,71.78,171.44,1,2,46925,0,21.33,1,134.28,5,1033,9,9,7,1543,1,52043,2,7051456,1.0,1.0,200.0,8.0,0.0,1.0,1.0,2.0,1.0,12.0,0.0,6.0,1.0
2,6,118,16.38,17.25,0,4,9452,0,21.5,1,38.55,5,118,8,8,8,138,1,63071,2,152865,1.0,1.0,400.0,390.0,0.0,1.0,1.0,2.0,1.0,12.0,0.0,6.0,1.0
1,6,0,0.0,0.0,0,1,443,0,30.67,0,0.0,1,0,3,3,3,0,3,57146,2,7721842,1.0,1.0,502.0,361.0,0.0,1.0,1.0,2.0,1.0,12.0,0.0,6.0,1.0
1,17,343,343.0,45.0,0,1,53,45,8.0,0,0.0,1,45,1,1,0,45,0,53051,1,2360909,1.0,1.0,502.0,361.0,0.0,1.0,1.0,2.0,1.0,12.0,0.0,6.0,9.0
2,6,480,121.75,11.2,0,3,443,0,22.4,1,206.86,2,56,4,5,3,56,1,51773,2,5274853,1.0,1.0,502.0,362.0,0.0,1.0,1.0,0.0,1.0,4.0,0.0,6.0,1.0
2,6,1420,301.6,66.0,0,7,443,0,20.92,0,492.55,5,494,15,13,10,858,1,53028,2,849361,1.0,1.0,502.0,361.0,66.0,4.0,1.0,10.0,5.0,15.0,0.0,3.0,1.0
2,6,157,52.2,8.8,0,3,80,0,22.4,1,66.09,2,44,5,5,4,44,1,49990,2,252827,1.0,1.0,200.0,104.0,0.0,1.0,1.0,2.0,1.0,12.0,0.0,6.0,1.0
1,17,205,154.0,44.5,0,2,53,42,8.0,0,51.0,2,47,2,2,1,89,0,55159,1,3448962,1.0,1.0,502.0,361.0,0.0,1.0,1.0,2.0,1.0,12.0,0.0,6.0,2.0
0,17,0,0.0,175.0,0,0,1900,175,8.0,0,0.0,1,175,0,4,0,700,0,59359,1,160956,1.0,1.0,502.0,361.0,0.0,1.0,1.0,2.0,1.0,12.0,0.0,6.0,1.0
2,6,478,121.25,18.0,0,3,443,0,22.4,1,205.99,2,90,4,5,3,90,1,49471,2,3427101,1.0,1.0,502.0,360.0,0.0,1.0,1.0,2.0,1.0,12.0,0.0,6.0,1.0
0,17,0,0.0,125.75,0,0,1900,132,8.0,0,0.0,4,137,0,4,0,503,0,54931,1,8395380,1.0,1.0,502.0,361.0,0.0,1.0,1.0,2.0,1.0,12.0,0.0,6.0,1.0
0,17,0,0.0,172.0,0,0,1900,172,8.0,0,0.0,1,172,0,4,0,688,0,60497,1,3112840,1.0,1.0,502.0,361.0,0.0,1.0,1.0,2.0,1.0,12.0,0.0,6.0,1.0
2,6,1420,1108.12,31.27,0,28,443,0,20.24,0,528.88,7,629,144,51,23,1595,1,59267,2,7117208,1.0,1.0,502.0,361.0,0.0,1.0,1.0,9.0,6.0,15.0,0.0,19.0,1.0
1,17,148,148.0,66.0,0,1,53,66,8.0,0,0.0,1,66,1,1,0,66,0,55950,1,6725543,1.0,1.0,502.0,361.0,0.0,1.0,1.0,2.0,1.0,12.0,0.0,6.0,0.0
2,6,1460,573.0,85.83,0,6,443,0,21.0,1,653.14,5,341,12,12,6,1030,1,57129,2,1536730,1.0,1.0,502.0,361.0,66.0,1.0,1.0,3.0,7.0,12.0,0.0,7.0,1.0
2,6,1420,683.9,35.24,0,14,443,0,20.48,0,664.76,8,285,41,25,17,881,1,52954,2,8206507,1.0,1.0,502.0,361.0,66.0,4.0,1.0,9.0,9.0,15.0,0.0,6.0,1.0
0,6,0,0.0,0.0,0,0,449,0,30.67,0,0.0,1,0,0,3,0,0,3,53234,2,2602098,1.0,1.0,502.0,361.0,0.0,1.0,1.0,2.0,1.0,12.0,0.0,6.0,1.0
2,6,480,97.4,9.33,0,3,443,0,22.0,1,191.32,2,56,5,6,4,56,1,58519,2,6490268,1.0,1.0,502.0,362.0,0.0,1.0,1.0,0.0,1.0,4.0,0.0,6.0,1.0
2,6,480,121.75,18.0,0,3,443,0,22.4,1,206.86,2,90,4,5,3,90,1,63249,2,6864096,1.0,1.0,502.0,362.0,0.0,1.0,1.0,2.0,1.0,12.0,0.0,6.0,1.0
0,6,0,0.0,343.12,1,0,52808,37,21.5,0,0.0,6,1460,0,8,0,2745,1,443,2,7575793,1.0,1.0,502.0,361.0,0.0,1.0,1.0,2.0,1.0,12.0,0.0,5.0,1.0
0,17,0,0.0,174.0,0,0,1900,174,8.0,0,0.0,1,174,0,4,0,696,0,59532,1,1585772,1.0,1.0,502.0,361.0,0.0,1.0,1.0,2.0,1.0,12.0,0.0,6.0,1.0
2,6,1460,576.08,99.3,0,6,443,0,21.2,1,650.96,5,341,12,10,5,993,1,51934,2,9099659,1.0,1.0,502.0,361.0,66.0,1.0,1.0,3.0,7.0,12.0,0.0,6.0,1.0
1,17,254,182.33,40.33,0,3,53,41,8.0,0,52.65,2,41,3,3,0,121,0,63368,1,7535759,1.0,1.0,502.0,361.0,0.0,1.0,1.0,2.0,1.0,12.0,0.0,6.0,2.0
2,6,480,121.75,11.2,0,3,443,0,22.4,1,206.86,2,56,4,5,3,56,1,62247,2,1989064,1.0,1.0,502.0,362.0,0.0,1.0,1.0,0.0,1.0,4.0,0.0,6.0,1.0
2,6,381,220.57,22.65,0,4,3333,0,21.6,1,143.61,3,241,21,20,7,453,3,49547,3,419920,1.0,1.0,502.0,361.0,0.0,1.0,1.0,2.0,1.0,12.0,0.0,6.0,1.0
2,6,482,122.25,11.2,0,3,443,0,22.4,1,207.72,2,56,4,5,3,56,1,53900,2,7843380,1.0,1.0,502.0,364.0,0.0,1.0,1.0,0.0,1.0,4.0,0.0,6.0,1.0
2,6,1460,573.0,93.64,0,6,443,37,21.09,1,653.14,5,341,12,11,6,1030,1,56920,2,4136461,1.0,1.0,502.0,361.0,66.0,1.0,1.0,3.0,8.0,12.0,0.0,7.0,1.0
2,6,157,52.2,8.8,0,3,80,0,22.4,1,66.09,2,44,5,5,4,44,1,57049,2,1294410,1.0,1.0,200.0,104.0,0.0,1.0,1.0,2.0,1.0,12.0,0.0,6.0,1.0
2,6,229,46.33,338.1,2,4,3581,8,21.2,1,83.14,6,1460,12,10,10,3381,1,50011,2,8689501,1.0,8.0,502.0,361.0,66.0,5.0,1.0,12.0,4.0,14.0,0.0,1.0,1.0
0,6,0,0.0,325.0,2,0,51873,79,21.09,0,0.0,8,1460,0,11,0,3575,1,443,2,7057533,1.0,1.0,502.0,361.0,0.0,0.0,1.0,2.0,1.0,12.0,0.0,8.0,1.0
2,6,490,124.25,11.2,0,3,443,0,22.4,1,211.19,2,56,4,5,3,56,1,49856,2,1042843,1.0,1.0,502.0,372.0,0.0,1.0,1.0,0.0,1.0,4.0,0.0,6.0,1.0
2,6,157,32.62,8.8,0,3,80,0,22.4,2,58.04,2,44,10,10,7,88,2,51818,2,4021579,1.0,1.0,200.0,104.0,0.0,1.0,1.0,2.0,1.0,12.0,0.0,6.0,1.0
2,6,480,121.75,18.0,0,3,443,0,22.4,1,206.86,2,90,4,5,3,90,1,57925,2,9089895,1.0,1.0,502.0,362.0,0.0,1.0,1.0,2.0,1.0,12.0,0.0,6.0,1.0
2,6,1420,461.86,23.17,0,7,443,0,20.4,0,633.21,5,352,42,30,27,695,1,49598,2,9757544,1.0,1.0,502.0,361.0,66.0,6.0,1.0,9.0,5.0,15.0,0.0,3.0,1.0
1,17,346,196.5,33.0,0,2,53,31,8.0,0,149.5,2,35,2,2,1,66,0,63632,1,5576456,1.0,1.0,502.0,361.0,0.0,1.0,1.0,2.0,1.0,12.0,0.0,6.0,10.0
2,6,517,48.0,306.91,2,5,9452,8,21.09,1,134.06,7,1460,14,11,13,3376,1,65167,2,388341,1.0,1.0,502.0,361.0,66.0,5.0,1.0,16.0,4.0,17.0,0.0,1.0,1.0
2,6,315,73.86,108.83,0,4,80,0,22.0,1,115.26,3,366,7,6,5,653,1,50331,2,2099346,1.0,2.0,404.0,315.0,0.0,1.0,1.0,2.0,1.0,12.0,0.0,6.0,1.0
1,17,399,399.0,34.0,0,1,53,34,8.0,0,0.0,1,34,1,1,0,34,0,62378,1,6092321,1.0,1.0,502.0,361.0,0.0,1.0,1.0,2.0,1.0,12.0,0.0,6.0,11.0
0,17,0,0.0,19.0,0,0,5355,19,8.0,0,0.0,1,19,0,2,0,38,0,52320,1,2662538,1.0,1.0,502.0,361.0,0.0,1.0,1.0,2.0,1.0,12.0,0.0,6.0,1.0
0,17,0,0.0,175.0,0,0,1900,175,8.0,0,0.0,1,175,0,4,0,700,0,57524,1,2438725,1.0,1.0,502.0,361.0,0.0,1.0,1.0,2.0,1.0,12.0,0.0,6.0,1.0
0,17,0,0.0,174.0,0,0,1900,174,8.0,0,0.0,1,174,0,12,0,2088,0,61812,1,2046197,1.0,1.0,502.0,361.0,0.0,1.0,1.0,2.0,1.0,12.0,0.0,6.0,1.0
2,6,474,120.25,11.2,0,3,443,0,22.4,1,204.26,2,56,4,5,3,56,1,53601,2,8554841,1.0,1.0,502.0,356.0,0.0,1.0,1.0,0.0,1.0,4.0,0.0,6.0,1.0
1,6,0,0.0,0.0,0,1,8080,0,30.67,0,0.0,1,0,3,3,3,0,3,51875,2,8141185,1.0,1.0,502.0,361.0,0.0,1.0,1.0,2.0,1.0,12.0,0.0,6.0,1.0
0,17,0,0.0,172.0,0,0,1900,172,8.0,0,0.0,1,172,0,4,0,688,0,45188,1,386276,1.0,1.0,502.0,361.0,0.0,1.0,1.0,2.0,1.0,12.0,0.0,6.0,1.0
2,6,1420,469.54,34.7,0,5,443,0,20.8,0,637.3,4,190,13,10,8,347,1,58386,2,8783925,1.0,1.0,502.0,361.0,66.0,4.0,1.0,9.0,5.0,15.0,0.0,1.0,1.0
1,17,486,295.0,36.5,0,2,53,30,8.0,0,191.0,2,43,2,2,1,73,0,53122,1,4095696,1.0,1.0,502.0,361.0,0.0,1.0,1.0,2.0,1.0,12.0,0.0,6.0,0.0
2,6,480,121.75,11.2,0,3,443,0,22.4,1,206.86,2,56,4,5,3,56,1,53832,2,4840187,1.0,1.0,502.0,362.0,0.0,1.0,1.0,0.0,1.0,4.0,0.0,6.0,1.0
1,6,0,0.0,0.0,0,1,8080,0,30.67,0,0.0,1,0,3,3,3,0,3,60408,2,6525772,1.0,1.0,502.0,361.0,0.0,1.0,1.0,2.0,1.0,12.0,0.0,6.0,1.0
2,6,315,86.17,108.83,0,4,80,0,22.0,1,120.16,3,366,6,6,4,653,1,60931,2,9881378,1.0,2.0,404.0,315.0,0.0,1.0,1.0,2.0,1.0,12.0,0.0,6.0,1.0
0,17,0,0.0,174.0,0,0,1900,174,8.0,0,0.0,1,174,0,8,0,1392,0,64550,1,5986950,1.0,1.0,502.0,361.0,0.0,1.0,1.0,2.0,1.0,12.0,0.0,6.0,1.0
0,17,0,0.0,492.33,0,0,1900,483,8.0,0,0.0,3,520,0,3,0,1477,0,54247,1,135733,1.0,1.0,502.0,361.0,0.0,1.0,1.0,2.0,1.0,12.0,0.0,6.0,1.0
2,6,478,121.25,11.2,0,3,443,0,21.6,1,205.99,2,56,4,5,3,56,1,60492,2,7162910,1.0,1.0,502.0,360.0,0.0,1.0,1.0,0.0,1.0,4.0,0.0,6.0,1.0
1,17,61,61.0,33.0,0,1,53,33,8.0,0,0.0,1,33,1,1,1,33,0,52464,1,9925956,1.0,1.0,502.0,361.0,0.0,1.0,1.0,2.0,1.0,12.0,0.0,6.0,1.0
2,6,1460,576.08,97.7,0,6,443,0,21.2,1,650.96,6,341,12,10,5,977,1,49493,2,5563396,1.0,1.0,502.0,361.0,66.0,1.0,1.0,3.0,7.0,12.0,0.0,7.0,1.0
0,6,0,0.0,0.0,0,0,61267,0,20.0,0,0.0,1,0,0,3,0,0,0,443,1,2596302,1.0,1.0,502.0,361.0,0.0,1.0,1.0,2.0,1.0,12.0,0.0,6.0,1.0
2,6,701,175.25,92.17,0,2,80,0,22.0,1,303.54,2,553,4,6,3,553,1,51049,2,4825028,1.0,1.0,200.0,43.0,0.0,1.0,1.0,2.0,1.0,12.0,0.0,6.0,1.0
2,6,1420,290.64,50.9,0,7,443,0,21.2,0,508.2,5,205,14,10,10,509,1,49433,2,1734171,1.0,1.0,502.0,361.0,33.0,5.0,1.0,10.0,6.0,15.0,0.0,4.0,1.0
2,6,365,81.0,68.17,0,3,80,0,22.0,1,142.84,2,409,5,6,4,409,1,49159,2,6127062,1.0,2.0,200.0,0.0,0.0,1.0,1.0,2.0,1.0,12.0,0.0,6.0,1.0
1,17,202,153.5,35.0,0,2,53,34,8.0,0,48.5,2,36,2,2,1,70,0,60901,1,180469,1.0,1.0,502.0,361.0,0.0,1.0,1.0,2.0,1.0,12.0,0.0,6.0,4.0
2,6,482,122.25,18.0,0,3,443,0,22.4,1,207.72,2,90,4,5,3,90,1,65347,2,5294712,1.0,1.0,502.0,364.0,0.0,1.0,1.0,2.0,1.0,12.0,0.0,6.0,1.0
1,6,0,0.0,0.0,0,1,80,0,30.67,0,0.0,1,0,3,3,3,0,3,49587,2,2310507,1.0,1.0,502.0,361.0,0.0,1.0,1.0,2.0,1.0,12.0,0.0,6.0,1.0
1,17,454,454.0,44.0,0,1,53,44,8.0,0,0.0,1,44,1,1,0,44,0,59817,1,7984808,1.0,1.0,502.0,361.0,0.0,1.0,1.0,2.0,1.0,12.0,0.0,6.0,2.0
0,17,0,0.0,174.0,0,0,1900,174,8.0,0,0.0,1,174,0,4,0,696,0,50498,1,3255964,1.0,1.0,502.0,361.0,0.0,1.0,1.0,2.0,1.0,12.0,0.0,6.0,1.0
2,6,1448,525.39,37.0,0,5,443,0,32.36,18,657.98,5,454,18,22,10,814,22,36560,2,6349966,1.0,1.0,502.0,361.0,66.0,6.0,1.0,9.0,6.0,11.0,0.0,2.0,1.0
0,17,0,0.0,172.0,0,0,1900,172,8.0,0,0.0,1,172,0,4,0,688,0,39559,1,677449,1.0,1.0,502.0,361.0,0.0,1.0,1.0,2.0,1.0,12.0,0.0,6.0,1.0
0,6,0,0.0,306.89,1,0,51941,37,21.33,0,0.0,6,1460,0,9,0,2762,1,443,2,2012301,1.0,1.0,502.0,361.0,0.0,1.0,1.0,2.0,1.0,12.0,0.0,6.0,1.0
1,17,117,117.0,39.0,0,1,53,39,8.0,0,0.0,1,39,1,1,1,39,0,55210,1,5023547,1.0,1.0,502.0,361.0,0.0,1.0,1.0,2.0,1.0,12.0,0.0,6.0,3.0
2,6,474,120.25,18.0,0,3,443,0,22.4,1,204.26,2,90,4,5,3,90,1,53993,2,9561326,1.0,1.0,502.0,356.0,0.0,1.0,1.0,2.0,1.0,12.0,0.0,6.0,1.0
0,6,0,0.0,307.0,1,0,50750,37,21.33,0,0.0,6,1460,0,9,0,2763,1,443,2,8574543,1.0,1.0,502.0,361.0,0.0,1.0,1.0,2.0,1.0,12.0,0.0,6.0,1.0
0,17,0,0.0,174.0,0,0,1900,174,8.0,0,0.0,1,174,0,4,0,696,0,52096,1,5448813,1.0,1.0,502.0,361.0,0.0,1.0,1.0,2.0,1.0,12.0,0.0,6.0,1.0
2,6,155,51.8,8.8,0,3,80,0,22.4,1,65.46,2,44,5,5,4,44,1,59523,2,8879523,1.0,1.0,200.0,104.0,0.0,1.0,1.0,2.0,1.0,12.0,0.0,6.0,1.0
1,6,0,0.0,0.0,0,1,9103,0,40.0,0,0.0,1,0,1,1,1,0,1,49436,1,6455525,1.0,1.0,502.0,361.0,0.0,1.0,1.0,2.0,1.0,12.0,0.0,6.0,1.0
1,17,178,178.0,39.0,0,1,53,39,8.0,0,0.0,1,39,1,1,0,39,0,50286,1,9322466,1.0,1.0,502.0,361.0,0.0,1.0,1.0,2.0,1.0,12.0,0.0,6.0,1.0
0,6,0,0.0,0.0,0,0,8080,0,30.67,0,0.0,1,0,0,3,0,0,3,57600,2,3871413,1.0,1.0,502.0,361.0,0.0,1.0,1.0,2.0,1.0,12.0,0.0,6.0,1.0
0,17,0,0.0,174.0,0,0,1900,174,8.0,0,0.0,1,174,0,4,0,696,0,62170,1,4088064,1.0,1.0,502.0,361.0,0.0,1.0,1.0,2.0,1.0,12.0,0.0,6.0,1.0
2,6,480,97.4,9.33,0,3,443,0,22.0,1,191.32,2,56,5,6,4,56,1,49938,2,8297779,1.0,1.0,502.0,362.0,0.0,1.0,1.0,0.0,1.0,4.0,0.0,6.0,1.0
1,6,0,0.0,0.0,0,1,449,0,30.67,0,0.0,1,0,3,3,3,0,3,50730,2,2497363,1.0,1.0,502.0,361.0,0.0,1.0,1.0,2.0,1.0,12.0,0.0,6.0,1.0
0,6,0,0.0,307.0,1,0,60951,37,21.33,0,0.0,6,1460,0,9,0,2763,1,443,2,381568,1.0,1.0,502.0,361.0,0.0,1.0,1.0,2.0,1.0,12.0,0.0,6.0,1.0
2,6,480,121.75,11.2,0,3,443,0,22.4,1,206.86,2,56,4,5,3,56,1,53059,2,1460767,1.0,1.0,502.0,362.0,0.0,1.0,1.0,0.0,1.0,4.0,0.0,6.0,1.0
1,17,114,114.0,33.0,0,1,53,33,8.0,0,0.0,1,33,2,2,2,66,0,64353,1,8768059,1.0,1.0,502.0,361.0,0.0,1.0,1.0,2.0,1.0,12.0,0.0,6.0,1.0
1,6,0,0.0,0.0,0,1,11110,0,40.0,0,0.0,1,0,1,1,1,0,1,57362,1,1036487,1.0,1.0,502.0,361.0,0.0,1.0,1.0,2.0,1.0,12.0,0.0,6.0,1.0
2,6,315,73.86,108.83,0,4,80,0,22.0,1,115.26,3,366,7,6,5,653,1,54013,2,943920,1.0,2.0,404.0,315.0,0.0,1.0,1.0,2.0,1.0,12.0,0.0,6.0,1.0
2,6,1058,147.78,552.18,4,4,3889,149,21.09,1,328.58,6,1460,9,11,7,6074,1,56434,2,4104459,1.0,1.0,502.0,361.0,258.0,0.0,1.0,2.0,6.0,12.0,0.0,5.0,1.0
1,6,0,0.0,0.0,0,1,445,0,28.0,0,0.0,1,0,3,3,3,0,3,53239,1,5776758,1.0,1.0,502.0,361.0,0.0,1.0,1.0,2.0,1.0,12.0,0.0,6.0,1.0
2,6,476,120.75,11.2,0,3,443,0,22.4,1,205.12,2,56,4,5,3,56,1,52821,2,9408319,1.0,1.0,502.0,358.0,0.0,1.0,1.0,0.0,1.0,4.0,0.0,6.0,1.0
1,6,0,0.0,0.0,0,1,8080,0,30.67,0,0.0,1,0,3,3,3,0,3,62292,2,7157844,1.0,1.0,502.0,361.0,0.0,1.0,1.0,2.0,1.0,12.0,0.0,6.0,1.0
0,6,0,0.0,0.0,0,0,64443,0,20.0,0,0.0,1,0,0,3,0,0,0,443,1,2075414,1.0,1.0,502.0,361.0,0.0,1.0,1.0,2.0,1.0,12.0,0.0,6.0,1.0
0,17,0,0.0,174.0,0,0,1900,174,8.0,0,0.0,1,174,0,4,0,696,0,58095,1,526744,1.0,1.0,502.0,361.0,0.0,1.0,1.0,2.0,1.0,12.0,0.0,6.0,1.0
2,6,1460,573.0,92.18,0,6,443,37,21.09,1,653.14,6,341,12,11,6,1014,1,52645,2,2100084,1.0,1.0,502.0,361.0,66.0,1.0,1.0,3.0,8.0,12.0,0.0,7.0,1.0
0,6,0,0.0,0.0,0,0,449,0,30.67,0,0.0,1,0,0,3,0,0,3,64664,2,2854603,1.0,1.0,502.0,361.0,0.0,1.0,1.0,2.0,1.0,12.0,0.0,6.0,1.0
2,6,478,97.0,9.33,0,3,443,0,21.33,1,190.52,2,56,5,6,4,56,1,63395,2,1386809,1.0,1.0,502.0,360.0,0.0,1.0,1.0,0.0,1.0,4.0,0.0,6.0,1.0
1,6,0,0.0,0.0,0,1,8080,0,30.67,0,0.0,1,0,3,3,3,0,3,52171,2,9843810,1.0,1.0,502.0,361.0,0.0,1.0,1.0,2.0,1.0,12.0,0.0,6.0,1.0
0,17,0,0.0,174.0,0,0,1900,174,8.0,0,0.0,1,174,0,8,0,1392,0,59967,1,6293909,1.0,1.0,502.0,361.0,0.0,1.0,1.0,2.0,1.0,12.0,0.0,6.0,1.0
2,6,476,120.75,11.2,0,3,443,0,22.4,1,205.12,2,56,4,5,3,56,1,56380,2,7187443,1.0,1.0,502.0,358.0,0.0,1.0,1.0,0.0,1.0,4.0,0.0,6.0,1.0
0,17,0,0.0,174.0,0,0,1900,174,8.0,0,0.0,1,174,0,4,0,696,0,51445,1,7690275,1.0,1.0,502.0,361.0,0.0,1.0,1.0,2.0,1.0,12.0,0.0,6.0,1.0
1,6,0,0.0,0.0,0,1,8080,0,30.67,0,0.0,1,0,3,3,3,0,3,54003,2,1906362,1.0,1.0,502.0,361.0,0.0,1.0,1.0,2.0,1.0,12.0,0.0,6.0,1.0
0,17,0,0.0,172.0,0,0,1900,172,8.0,0,0.0,1,172,0,4,0,688,0,56106,1,1540261,1.0,1.0,502.0,361.0,0.0,1.0,1.0,2.0,1.0,12.0,0.0,6.0,1.0
2,6,1460,448.2,29.14,0,3,443,0,21.71,1,589.43,3,197,5,7,3,204,1,53541,2,2012974,1.0,1.0,502.0,361.0,0.0,5.0,1.0,9.0,2.0,15.0,0.0,1.0,1.0
2,6,661,132.2,7.4,0,2,53,0,22.4,0,264.4,2,37,5,5,4,37,1,64801,2,9173788,1.0,1.0,502.0,361.0,0.0,1.0,1.0,2.0,1.0,12.0,0.0,6.0,1.0
1,17,49,49.0,33.0,0,1,53,33,8.0,0,0.0,1,33,1,1,1,33,0,57624,1,8582368,1.0,1.0,502.0,361.0,0.0,1.0,1.0,2.0,1.0,12.0,0.0,6.0,1.0
1,6,0,0.0,0.0,0,1,8080,0,30.67,0,0.0,1,0,3,3,3,0,3,55959,2,3766893,1.0,1.0,502.0,361.0,0.0,1.0,1.0,2.0,1.0,12.0,0.0,6.0,1.0
1,17,100,89.5,47.5,0,2,53,44,8.0,0,10.5,2,51,2,2,2,95,0,62111,1,3808603,1.0,1.0,502.0,361.0,0.0,1.0,1.0,2.0,1.0,12.0,0.0,6.0,2.0
1,17,130,130.0,47.0,0,1,53,47,8.0,0,0.0,1,47,1,1,0,47,0,51428,1,5096226,1.0,1.0,502.0,361.0,0.0,1.0,1.0,2.0,1.0,12.0,0.0,6.0,4.0
1,6,0,0.0,0.0,0,1,10002,0,40.0,0,0.0,1,0,1,1,1,0,1,35222,1,7266205,1.0,1.0,502.0,361.0,0.0,1.0,1.0,2.0,1.0,12.0,0.0,6.0,1.0
0,17,0,0.0,172.0,0,0,1900,172,8.0,0,0.0,1,172,0,3,0,516,0,47568,1,6582771,1.0,1.0,502.0,361.0,0.0,1.0,1.0,2.0,1.0,12.0,0.0,6.0,1.0
2,6,1460,573.0,90.73,0,6,443,37,21.09,1,653.14,6,341,12,11,6,998,1,54760,2,2525107,1.0,1.0,502.0,361.0,66.0,1.0,1.0,3.0,8.0,12.0,0.0,7.0,1.0
1,6,0,0.0,0.0,0,1,443,0,30.67,0,0.0,1,0,3,3,3,0,3,64520,2,5611870,1.0,1.0,502.0,361.0,0.0,1.0,1.0,2.0,1.0,12.0,0.0,6.0,1.0
2,6,168,28.42,237.67,1,6,35924,2,21.33,1,54.43,6,1460,12,9,11,2139,1,61194,2,5453039,1.0,1.0,502.0,361.0,66.0,4.0,1.0,9.0,5.0,11.0,0.0,1.0,1.0
1,17,146,139.0,47.0,0,2,53,30,8.0,0,7.0,2,64,2,2,0,94,0,54731,1,254670,1.0,1.0,502.0,361.0,0.0,1.0,1.0,2.0,1.0,12.0,0.0,6.0,0.0
0,17,0,0.0,174.0,0,0,1900,174,8.0,0,0.0,1,174,0,24,0,4176,0,59568,1,9136771,1.0,1.0,502.0,361.0,0.0,1.0,1.0,2.0,1.0,12.0,0.0,6.0,1.0
2,6,1460,518.33,91.86,0,3,443,0,21.71,1,669.24,3,517,6,7,3,643,1,59531,2,7861363,1.0,1.0,502.0,361.0,66.0,5.0,1.0,16.0,4.0,17.0,0.0,1.0,1.0
1,17,55,55.0,39.0,0,1,53,39,8.0,0,0.0,1,39,1,1,1,39,0,50784,1,1191039,1.0,1.0,502.0,361.0,0.0,1.0,1.0,2.0,1.0,12.0,0.0,6.0,1.0
0,6,0,0.0,0.0,0,0,449,0,30.67,0,0.0,1,0,0,3,0,0,3,55335,2,8178448,1.0,1.0,502.0,361.0,0.0,1.0,1.0,2.0,1.0,12.0,0.0,6.0,1.0
1,6,0,0.0,0.0,0,1,8080,0,30.67,0,0.0,1,0,3,3,3,0,3,63841,2,842440,1.0,1.0,502.0,361.0,0.0,1.0,1.0,2.0,1.0,12.0,0.0,6.0,1.0
2,6,480,121.75,11.2,0,3,443,0,22.4,1,206.86,2,56,4,5,3,56,1,54964,2,6345860,1.0,1.0,502.0,362.0,0.0,1.0,1.0,0.0,1.0,4.0,0.0,6.0,1.0
1,17,49,49.0,33.0,0,1,53,33,8.0,0,0.0,1,33,1,1,1,33,0,63814,1,9120139,1.0,1.0,502.0,361.0,0.0,1.0,1.0,2.0,1.0,12.0,0.0,6.0,1.0
2,6,474,96.2,9.33,0,3,443,0,22.0,1,188.92,2,56,5,6,4,56,1,61512,2,3904878,1.0,1.0,502.0,356.0,0.0,1.0,1.0,0.0,1.0,4.0,0.0,6.0,1.0
0,17,0,0.0,469.0,0,0,51713,469,8.0,0,0.0,1,469,0,1,0,469,0,41580,1,6359315,1.0,1.0,502.0,361.0,0.0,1.0,1.0,2.0,1.0,12.0,0.0,6.0,1.0
2,6,1460,576.08,88.82,0,6,443,0,21.09,1,650.96,6,341,12,11,5,977,1,53920,2,490576,1.0,1.0,502.0,361.0,66.0,1.0,1.0,3.0,7.0,12.0,0.0,7.0,1.0
2,6,323,64.6,171.44,1,2,46925,8,21.33,1,129.2,5,1033,10,9,8,1543,1,52575,2,2297341,1.0,1.0,200.0,8.0,0.0,1.0,1.0,2.0,1.0,12.0,0.0,6.0,1.0
0,17,0,0.0,174.0,0,0,1900,174,8.0,0,0.0,1,174,0,4,0,696,0,60386,1,6026798,1.0,1.0,502.0,361.0,0.0,1.0,1.0,2.0,1.0,12.0,0.0,6.0,1.0
2,6,581,147.0,24.0,0,3,443,0,22.4,1,250.59,2,120,4,5,3,120,1,50549,2,8320364,1.0,1.0,502.0,463.0,0.0,1.0,1.0,3.0,1.0,12.0,0.0,6.0,1.0
2,6,0,0.0,41.0,0,1,443,0,22.4,0,0.0,2,205,4,5,4,205,1,55637,2,9481271,1.0,1.0,502.0,361.0,0.0,1.0,1.0,10.0,1.0,15.0,0.0,6.0,1.0
2,6,472,119.75,18.0,0,3,443,0,22.4,1,203.39,2,90,4,5,3,90,1,50208,2,1204985,1.0,1.0,502.0,354.0,0.0,1.0,1.0,2.0,1.0,12.0,0.0,6.0,1.0
2,6,478,121.25,11.2,0,3,443,0,22.4,1,205.99,2,56,4,5,3,56,1,64222,2,4029779,1.0,1.0,502.0,360.0,0.0,1.0,1.0,0.0,1.0,4.0,0.0,6.0,1.0
1,17,215,199.5,45.5,0,2,53,45,8.0,0,15.5,2,46,2,2,0,91,0,57025,1,5790844,1.0,1.0,502.0,361.0,0.0,1.0,1.0,2.0,1.0,12.0,0.0,6.0,2.0
0,17,0,0.0,172.0,0,0,1900,172,8.0,0,0.0,1,172,0,4,0,688,0,36746,1,4063701,1.0,1.0,502.0,361.0,0.0,1.0,1.0,2.0,1.0,12.0,0.0,6.0,1.0
2,6,315,73.86,108.83,0,4,80,0,22.0,1,115.26,3,366,7,6,5,653,1,58083,2,8292418,1.0,2.0,404.0,315.0,0.0,1.0,1.0,2.0,1.0,12.0,0.0,6.0,1.0
1,6,0,0.0,0.0,0,1,8080,0,30.67,0,0.0,1,0,3,3,3,0,3,62920,2,9997414,1.0,1.0,502.0,361.0,0.0,1.0,1.0,2.0,1.0,12.0,0.0,6.0,1.0
2,6,478,121.25,18.0,0,3,443,0,22.4,1,205.99,2,90,4,5,3,90,1,60264,2,3867279,1.0,1.0,502.0,360.0,0.0,1.0,1.0,2.0,1.0,12.0,0.0,6.0,1.0
2,6,157,52.2,8.8,0,3,80,0,22.4,1,66.09,2,44,5,5,4,44,1,53161,2,3229158,1.0,1.0,200.0,104.0,0.0,1.0,1.0,2.0,1.0,12.0,0.0,6.0,1.0
2,6,562,112.4,134.4,0,2,443,0,22.4,1,224.8,2,672,5,5,4,672,1,60321,2,9599892,1.0,1.0,400.0,362.0,0.0,1.0,1.0,2.0,1.0,12.0,0.0,6.0,1.0
2,6,482,122.25,18.0,0,3,443,0,22.4,1,207.72,2,90,4,5,3,90,1,59976,2,3037904,1.0,1.0,502.0,364.0,0.0,1.0,1.0,2.0,1.0,12.0,0.0,6.0,1.0
2,6,482,97.8,9.33,0,3,443,0,22.0,1,192.12,2,56,5,6,4,56,1,62999,2,3548137,1.0,1.0,502.0,364.0,0.0,1.0,1.0,0.0,1.0,4.0,0.0,6.0,1.0
1,17,202,202.0,34.0,0,1,53,34,8.0,0,0.0,1,34,1,1,0,34,0,53836,1,5122321,1.0,1.0,502.0,361.0,0.0,1.0,1.0,2.0,1.0,12.0,0.0,6.0,2.0
1,6,0,0.0,0.0,0,1,443,0,30.67,0,0.0,1,0,3,3,3,0,3,58178,2,8892542,1.0,1.0,502.0,361.0,0.0,1.0,1.0,2.0,1.0,12.0,0.0,6.0,1.0
2,6,1420,687.5,31.67,0,5,443,0,21.33,0,664.3,2,190,8,6,4,190,1,59854,2,8251587,1.0,1.0,502.0,361.0,0.0,6.0,1.0,9.0,1.0,15.0,0.0,1.0,1.0
2,6,482,122.25,18.0,0,3,443,0,22.4,1,207.72,2,90,4,5,3,90,1,54476,2,3771865,1.0,1.0,502.0,364.0,0.0,1.0,1.0,2.0,1.0,12.0,0.0,6.0,1.0
0,17,0,0.0,125.75,0,0,1900,132,8.0,0,0.0,4,137,0,4,0,503,0,50542,1,2607274,1.0,1.0,502.0,361.0,0.0,1.0,1.0,2.0,1.0,12.0,0.0,6.0,1.0
1,6,0,0.0,0.0,0,1,449,0,30.67,0,0.0,1,0,3,3,3,0,3,57922,2,6819965,1.0,1.0,502.0,361.0,0.0,1.0,1.0,2.0,1.0,12.0,0.0,6.0,1.0
0,17,0,0.0,22.0,0,0,5355,22,8.0,0,0.0,1,22,0,2,0,44,0,59042,1,8323514,1.0,1.0,502.0,361.0,0.0,1.0,1.0,2.0,1.0,12.0,0.0,6.0,1.0
0,17,0,0.0,22.0,0,0,5355,22,8.0,0,0.0,1,22,0,2,0,44,0,57118,1,2881693,1.0,1.0,502.0,361.0,0.0,1.0,1.0,2.0,1.0,12.0,0.0,6.0,1.0
2,6,212,41.1,241.89,1,4,1971,0,21.33,1,80.6,5,1460,10,9,8,2177,1,55836,2,8820854,1.0,8.0,502.0,361.0,0.0,5.0,1.0,9.0,2.0,15.0,0.0,1.0,1.0
2,6,480,121.75,11.2,0,3,443,0,22.4,1,206.86,2,56,4,5,3,56,1,52851,2,3341812,1.0,1.0,502.0,362.0,0.0,1.0,1.0,0.0,1.0,4.0,0.0,6.0,1.0
2,6,484,122.75,18.0,0,3,443,0,22.4,1,208.59,2,90,4,5,3,90,1,53882,2,6722551,1.0,1.0,502.0,366.0,0.0,1.0,1.0,2.0,1.0,12.0,0.0,6.0,1.0
2,6,220,47.75,413.55,2,4,1484,8,21.09,1,83.72,6,1460,12,11,9,4549,1,58396,2,5103851,1.0,8.0,502.0,361.0,66.0,5.0,1.0,9.0,5.0,15.0,0.0,1.0,1.0
2,6,1197,299.25,16.6,0,2,8008,0,22.4,1,518.32,2,83,4,5,3,83,1,54471,2,8078059,1.0,1.0,200.0,0.0,0.0,1.0,1.0,2.0,1.0,12.0,0.0,6.0,1.0
2,6,1460,531.77,93.64,0,6,443,37,21.09,1,643.99,5,341,13,11,6,1030,1,50019,2,2335213,1.0,1.0,502.0,361.0,66.0,1.0,1.0,3.0,8.0,12.0,0.0,7.0,1.0
2,6,480,121.75,11.2,0,3,443,0,22.4,1,206.86,2,56,4,5,3,56,1,53425,2,8773942,1.0,1.0,502.0,362.0,0.0,1.0,1.0,0.0,1.0,4.0,0.0,6.0,1.0
1,17,87,87.0,35.0,0,1,53,35,8.0,0,0.0,1,35,1,1,1,35,0,61895,1,2688835,1.0,1.0,502.0,361.0,0.0,1.0,1.0,2.0,1.0,12.0,0.0,6.0,2.0
1,17,80,65.5,37.0,0,2,53,35,8.0,0,14.5,2,39,2,2,2,74,0,55857,1,1916838,1.0,1.0,502.0,361.0,0.0,1.0,1.0,2.0,1.0,12.0,0.0,6.0,2.0
1,17,127,127.0,34.0,0,1,53,34,8.0,0,0.0,1,34,1,1,1,34,0,54271,1,7724096,1.0,1.0,502.0,361.0,0.0,1.0,1.0,2.0,1.0,12.0,0.0,6.0,3.0
0,17,0,0.0,172.0,0,0,1900,172,8.0,0,0.0,1,172,0,4,0,688,0,38031,1,9693096,1.0,1.0,502.0,361.0,0.0,1.0,1.0,2.0,1.0,12.0,0.0,6.0,1.0
2,6,490,124.25,30.0,0,3,443,0,22.0,2,211.19,2,90,4,6,3,180,1,54179,2,8000918,1.0,1.0,502.0,372.0,0.0,1.0,1.0,4.0,2.0,12.0,0.0,6.0,1.0
0,17,0,0.0,14.0,0,0,24929,14,8.0,0,0.0,1,14,0,20,0,280,0,64098,1,8907113,1.0,1.0,502.0,361.0,0.0,1.0,1.0,2.0,1.0,12.0,0.0,6.0,1.0
0,17,0,0.0,22.0,0,0,5355,22,8.0,0,0.0,1,22,0,2,0,44,0,65531,1,819584,1.0,1.0,502.0,361.0,0.0,1.0,1.0,2.0,1.0,12.0,0.0,6.0,1.0
1,17,96,96.0,34.0,0,1,53,34,8.0,0,0.0,1,34,1,1,1,34,0,56097,1,3063662,1.0,1.0,502.0,361.0,0.0,1.0,1.0,2.0,1.0,12.0,0.0,6.0,0.0
2,6,478,97.0,15.0,0,3,443,0,22.0,1,190.52,2,90,5,6,4,90,1,57789,2,3476757,1.0,1.0,502.0,360.0,0.0,1.0,1.0,2.0,1.0,12.0,0.0,6.0,1.0
2,6,480,121.75,11.2,0,3,443,0,22.4,1,206.86,2,56,4,5,3,56,1,56708,2,78442,1.0,1.0,502.0,362.0,0.0,1.0,1.0,0.0,1.0,4.0,0.0,6.0,1.0
2,6,478,121.25,11.2,0,3,443,0,21.6,1,205.99,2,56,4,5,3,56,1,60996,2,746774,1.0,1.0,502.0,360.0,0.0,1.0,1.0,0.0,1.0,4.0,0.0,6.0,1.0
2,6,480,97.4,15.0,0,3,443,0,22.0,1,191.32,2,90,5,6,4,90,1,55675,2,581162,1.0,1.0,502.0,362.0,0.0,1.0,1.0,2.0,1.0,12.0,0.0,6.0,1.0
2,6,480,121.75,18.0,0,3,443,0,22.4,1,206.86,2,90,4,5,3,90,1,61810,2,2256896,1.0,1.0,502.0,362.0,0.0,1.0,1.0,2.0,1.0,12.0,0.0,6.0,1.0
0,17,0,0.0,469.0,0,0,51713,469,8.0,0,0.0,1,469,0,1,0,469,0,39856,1,2423785,1.0,1.0,502.0,361.0,0.0,1.0,1.0,2.0,1.0,12.0,0.0,6.0,1.0
2,6,315,86.17,108.83,0,4,80,0,22.0,1,120.16,3,366,6,6,4,653,1,52295,2,6127510,1.0,2.0,404.0,315.0,0.0,1.0,1.0,2.0,1.0,12.0,0.0,6.0,1.0
2,6,478,121.25,18.0,0,3,443,0,22.4,1,205.99,2,90,4,5,3,90,1,61230,2,8661577,1.0,1.0,502.0,360.0,0.0,1.0,1.0,2.0,1.0,12.0,0.0,6.0,1.0
1,17,49,49.0,33.0,0,1,53,33,8.0,0,0.0,1,33,1,1,1,33,0,55017,1,3986339,1.0,1.0,502.0,361.0,0.0,1.0,1.0,2.0,1.0,12.0,0.0,6.0,1.0
2,6,1420,149.2,144.27,1,14,443,46,20.4,0,352.82,12,1323,40,30,33,4328,1,49846,2,6449504,1.0,1.0,502.0,361.0,0.0,4.0,1.0,10.0,19.0,15.0,0.0,24.0,1.0
0,6,0,0.0,0.0,0,0,51740,0,20.0,0,0.0,1,0,0,3,0,0,0,443,1,5736519,1.0,1.0,502.0,361.0,0.0,1.0,1.0,2.0,1.0,12.0,0.0,6.0,1.0
0,17,0,0.0,172.0,0,0,1900,172,8.0,0,0.0,1,172,0,4,0,688,0,58201,1,198335,1.0,1.0,502.0,361.0,0.0,1.0,1.0,2.0,1.0,12.0,0.0,6.0,1.0
1,6,0,0.0,0.0,0,1,443,0,30.67,0,0.0,1,0,3,3,3,0,3,58962,2,1052613,1.0,1.0,502.0,361.0,0.0,1.0,1.0,2.0,1.0,12.0,0.0,6.0,1.0
1,17,205,92.25,36.5,0,4,53,33,8.0,0,65.24,3,42,4,4,3,146,0,62407,1,1749689,1.0,1.0,502.0,361.0,0.0,1.0,1.0,2.0,1.0,12.0,0.0,6.0,2.0
0,17,0,0.0,132.5,0,0,1900,132,8.0,0,0.0,2,133,0,2,0,265,0,63993,1,8825548,1.0,1.0,502.0,361.0,0.0,1.0,1.0,2.0,1.0,12.0,0.0,6.0,1.0
2,6,712,178.0,112.33,0,2,8080,0,22.0,1,308.31,2,674,4,6,3,674,1,57593,2,3297552,1.0,1.0,404.0,564.0,0.0,1.0,1.0,2.0,1.0,12.0,0.0,6.0,1.0
2,6,1460,576.08,99.3,0,6,443,0,21.2,1,650.96,5,341,12,10,5,993,1,55707,2,4474351,1.0,1.0,502.0,361.0,66.0,1.0,1.0,3.0,7.0,12.0,0.0,7.0,1.0
1,17,228,143.5,35.0,0,2,53,27,8.0,0,84.5,2,43,2,2,1,70,0,55005,1,1114340,1.0,1.0,502.0,361.0,0.0,1.0,1.0,2.0,1.0,12.0,0.0,6.0,4.0
1,17,71,71.0,43.0,0,1,53,43,8.0,0,0.0,1,43,1,1,1,43,0,47208,1,8871000,1.0,1.0,502.0,361.0,0.0,1.0,1.0,2.0,1.0,12.0,0.0,6.0,1.0
2,6,1420,122.46,277.17,2,4,443,1,21.0,0,376.8,7,1460,13,12,11,3326,1,50463,2,7377101,1.0,1.0,502.0,361.0,0.0,4.0,1.0,10.0,5.0,15.0,0.0,4.0,1.0
2,6,1460,1111.85,49.0,0,4,80,0,20.89,1,555.53,2,441,13,9,2,441,1,56907,2,7330520,1.0,1.0,206.0,13929.0,0.0,1.0,1.0,2.0,1.0,12.0,0.0,6.0,1.0
1,17,114,114.0,33.0,0,1,53,33,8.0,0,0.0,1,33,1,1,1,33,0,63969,1,4258209,1.0,1.0,502.0,361.0,0.0,1.0,1.0,2.0,1.0,12.0,0.0,6.0,1.0
1,17,145,145.0,36.0,0,1,53,36,8.0,0,0.0,1,36,1,1,0,36,0,58916,1,8467101,1.0,1.0,502.0,361.0,0.0,1.0,1.0,2.0,1.0,12.0,0.0,6.0,1.0
0,17,0,0.0,22.0,0,0,5355,22,8.0,0,0.0,1,22,0,2,0,44,0,49346,1,2378939,1.0,1.0,502.0,361.0,0.0,1.0,1.0,2.0,1.0,12.0,0.0,6.0,1.0
2,6,1460,573.0,93.64,0,6,443,37,21.09,1,653.14,5,341,12,11,6,1030,1,55443,2,1045127,1.0,1.0,502.0,361.0,66.0,1.0,1.0,3.0,8.0,12.0,0.0,7.0,1.0
0,17,0,0.0,174.0,0,0,1900,174,8.0,0,0.0,1,174,0,4,0,696,0,58838,1,9721758,1.0,1.0,502.0,361.0,0.0,1.0,1.0,2.0,1.0,12.0,0.0,6.0,1.0
0,17,0,0.0,174.0,0,0,1900,174,8.0,0,0.0,1,174,0,4,0,696,0,57705,1,6749412,1.0,1.0,502.0,361.0,0.0,1.0,1.0,2.0,1.0,12.0,0.0,6.0,1.0
0,17,0,0.0,58.0,0,0,33209,58,8.0,0,0.0,1,58,0,3,0,174,0,33209,1,3000714,1.0,1.0,502.0,361.0,0.0,1.0,1.0,2.0,1.0,12.0,0.0,6.0,1.0
2,6,1033,219.29,68.33,0,5,80,0,21.33,1,355.74,3,323,7,9,5,615,1,53761,2,2137821,1.0,1.0,200.0,8.0,0.0,1.0,1.0,2.0,1.0,12.0,0.0,6.0,1.0
0,17,0,0.0,174.0,0,0,1900,174,8.0,0,0.0,1,174,0,16,0,2784,0,51853,1,6893849,1.0,1.0,502.0,361.0,0.0,1.0,1.0,2.0,1.0,12.0,0.0,6.0,1.0
0,17,0,0.0,25.0,0,0,5355,25,8.0,0,0.0,1,25,0,2,0,50,0,57418,1,744082,1.0,1.0,502.0,361.0,0.0,1.0,1.0,2.0,1.0,12.0,0.0,6.0,1.0
2,6,1460,423.8,54.17,0,3,443,0,22.0,1,577.55,3,168,5,6,3,325,1,61155,2,9205992,1.0,1.0,502.0,361.0,66.0,4.0,1.0,9.0,5.0,11.0,0.0,1.0,1.0
2,6,1460,573.0,92.18,0,6,443,37,21.09,1,653.14,6,341,12,11,6,1014,1,49662,2,2571185,1.0,1.0,502.0,361.0,66.0,1.0,1.0,3.0,8.0,12.0,0.0,6.0,1.0
0,17,0,0.0,656.0,0,0,3702,656,8.0,0,0.0,1,656,0,7,0,4592,0,54196,1,6222269,1.0,1.0,502.0,361.0,0.0,1.0,1.0,2.0,1.0,12.0,0.0,6.0,1.0
0,17,0,0.0,174.0,0,0,1900,174,8.0,0,0.0,1,174,0,4,0,696,0,58330,1,1078586,1.0,1.0,502.0,361.0,0.0,1.0,1.0,2.0,1.0,12.0,0.0,6.0,1.0
0,6,0,0.0,0.0,0,0,49978,0,20.0,0,0.0,1,0,0,3,0,0,0,443,1,4356151,1.0,1.0,502.0,361.0,0.0,1.0,1.0,2.0,1.0,12.0,0.0,6.0,1.0
0,6,0,0.0,306.78,1,0,49756,37,21.33,0,0.0,6,1460,0,9,0,2761,1,443,2,1030558,1.0,1.0,502.0,361.0,0.0,1.0,1.0,2.0,1.0,12.0,0.0,6.0,1.0
2,6,1420,718.7,265.89,10,15,443,0,20.22,0,678.98,10,1460,105,54,47,14358,1,52547,2,7600663,1.0,1.0,502.0,361.0,0.0,2.0,1.0,10.0,8.0,15.0,0.0,11.0,1.0
2,6,155,51.8,8.8,0,3,80,0,22.4,1,65.46,2,44,5,5,4,44,1,57082,2,5379476,1.0,1.0,200.0,104.0,0.0,1.0,1.0,2.0,1.0,12.0,0.0,6.0,1.0
2,6,1420,231.5,61.83,0,8,443,0,20.52,0,449.08,8,631,24,23,18,1422,1,51253,2,9206498,1.0,1.0,502.0,361.0,33.0,5.0,1.0,9.0,13.0,15.0,0.0,8.0,1.0
1,6,0,0.0,0.0,0,1,5054,0,40.0,0,0.0,1,0,1,1,1,0,1,39566,1,8328672,1.0,1.0,502.0,361.0,0.0,1.0,1.0,2.0,1.0,12.0,0.0,6.0,1.0
0,6,0,0.0,0.0,0,0,443,0,30.67,0,0.0,1,0,0,3,0,0,3,60150,2,2363030,1.0,1.0,502.0,361.0,0.0,1.0,1.0,2.0,1.0,12.0,0.0,6.0,1.0
0,17,0,0.0,172.0,0,0,1900,172,8.0,0,0.0,1,172,0,4,0,688,0,60095,1,8510942,1.0,1.0,502.0,361.0,0.0,1.0,1.0,2.0,1.0,12.0,0.0,6.0,1.0
2,6,484,122.75,18.0,0,3,443,0,21.6,1,208.59,2,90,4,5,3,90,1,49387,2,5671086,1.0,1.0,502.0,366.0,0.0,1.0,1.0,2.0,1.0,12.0,0.0,6.0,1.0
0,6,0,0.0,0.0,0,0,51507,0,26.0,0,0.0,1,0,0,2,0,0,1,443,2,8431696,1.0,1.0,502.0,361.0,0.0,1.0,1.0,2.0,1.0,12.0,0.0,6.0,1.0
2,6,482,122.25,11.2,0,3,443,0,22.4,1,207.72,2,56,4,5,3,56,1,49403,2,3653612,1.0,1.0,502.0,364.0,0.0,1.0,1.0,0.0,1.0,4.0,0.0,6.0,1.0
0,6,0,0.0,0.0,0,0,61076,0,20.0,0,0.0,1,0,0,3,0,0,0,449,1,4191053,1.0,1.0,502.0,361.0,0.0,1.0,1.0,2.0,1.0,12.0,0.0,6.0,1.0
1,6,0,0.0,0.0,0,1,8080,0,30.67,0,0.0,1,0,3,3,3,0,3,64291,2,7110790,1.0,1.0,502.0,361.0,0.0,1.0,1.0,2.0,1.0,12.0,0.0,6.0,1.0
1,17,328,222.0,31.0,0,2,53,31,8.0,0,106.0,1,31,2,2,1,62,0,32813,1,5736786,1.0,1.0,502.0,361.0,0.0,1.0,1.0,2.0,1.0,12.0,0.0,6.0,2.0
0,17,0,0.0,491.33,0,0,1900,482,8.0,0,0.0,3,519,0,3,0,1474,0,35462,1,1777437,1.0,1.0,502.0,361.0,0.0,1.0,1.0,2.0,1.0,12.0,0.0,6.0,1.0
1,17,202,139.0,38.5,0,6,53,38,8.0,0,43.05,6,43,6,6,3,231,0,58283,1,5435503,1.0,1.0,502.0,361.0,0.0,1.0,1.0,2.0,1.0,12.0,0.0,6.0,3.0
1,17,350,225.0,38.0,0,2,53,38,8.0,0,125.0,1,38,2,2,1,76,0,39367,1,7384647,1.0,1.0,502.0,361.0,0.0,1.0,1.0,2.0,1.0,12.0,0.0,6.0,1.0
2,6,118,23.83,108.83,0,3,80,0,21.33,1,43.09,3,366,6,6,6,653,1,65343,2,9020506,1.0,2.0,502.0,365.0,0.0,1.0,1.0,2.0,1.0,12.0,0.0,6.0,1.0
2,6,482,122.25,11.2,0,3,443,0,22.4,1,207.72,2,56,4,5,3,56,1,58100,2,8467804,1.0,1.0,502.0,364.0,0.0,1.0,1.0,0.0,1.0,4.0,0.0,6.0,1.0
2,6,1460,314.86,598.4,4,4,443,165,21.2,1,517.18,6,1460,7,11,5,5984,1,56036,2,2198225,1.0,1.0,502.0,361.0,66.0,1.0,1.0,3.0,5.0,21.0,0.0,3.0,1.0
2,6,155,51.8,8.8,0,3,80,0,22.4,1,65.46,2,44,5,5,4,44,1,54882,2,3215619,1.0,1.0,200.0,104.0,0.0,1.0,1.0,2.0,1.0,12.0,0.0,6.0,1.0
0,6,0,0.0,0.0,0,0,8080,0,30.67,0,0.0,1,0,0,3,0,0,3,59442,2,6527412,1.0,1.0,502.0,361.0,0.0,1.0,1.0,2.0,1.0,12.0,0.0,6.0,1.0
0,6,0,0.0,0.0,0,0,8080,0,30.67,0,0.0,1,0,0,3,0,0,3,57274,2,2758209,1.0,1.0,502.0,361.0,0.0,1.0,1.0,2.0,1.0,12.0,0.0,6.0,1.0
2,6,155,51.8,8.8,0,3,80,0,22.4,1,65.46,2,44,5,5,4,44,1,50396,2,5769257,1.0,1.0,200.0,104.0,0.0,1.0,1.0,2.0,1.0,12.0,0.0,6.0,1.0
0,17,0,0.0,174.0,0,0,1900,174,8.0,0,0.0,1,174,0,4,0,696,0,49153,1,1304733,1.0,1.0,502.0,361.0,0.0,1.0,1.0,2.0,1.0,12.0,0.0,6.0,1.0
1,17,45,45.0,29.0,0,1,53,29,8.0,0,0.0,1,29,1,1,1,29,0,54077,1,4786281,1.0,1.0,502.0,361.0,0.0,1.0,1.0,2.0,1.0,12.0,0.0,6.0,1.0
2,6,480,121.75,18.0,0,3,443,0,22.4,1,206.86,2,90,4,5,3,90,1,56613,2,418387,1.0,1.0,502.0,362.0,0.0,1.0,1.0,2.0,1.0,12.0,0.0,6.0,1.0
1,6,0,0.0,0.0,0,1,80,0,30.67,0,0.0,1,0,3,3,3,0,3,51584,2,6320199,1.0,1.0,502.0,361.0,0.0,1.0,1.0,2.0,1.0,12.0,0.0,6.0,1.0
2,6,489,124.0,11.2,0,3,443,0,22.4,1,210.75,2,56,4,5,3,56,1,49485,2,6011427,1.0,1.0,502.0,371.0,0.0,1.0,1.0,0.0,1.0,4.0,0.0,6.0,1.0
2,6,247,46.1,247.44,1,4,3643,0,21.33,1,90.91,5,1460,10,9,8,2227,1,54416,2,6052406,1.0,8.0,502.0,361.0,0.0,5.0,1.0,9.0,2.0,15.0,0.0,1.0,1.0
1,17,131,126.0,34.5,0,2,53,32,8.0,0,5.0,2,37,2,2,1,69,0,50310,1,1121819,1.0,1.0,502.0,361.0,0.0,1.0,1.0,2.0,1.0,12.0,0.0,6.0,3.0
1,6,0,0.0,0.0,0,1,443,0,30.67,0,0.0,1,0,3,3,3,0,3,59553,2,5393940,1.0,1.0,502.0,361.0,0.0,1.0,1.0,2.0,1.0,12.0,0.0,6.0,1.0
2,6,480,121.75,18.0,0,3,443,0,22.4,1,206.86,2,90,4,5,3,90,1,53387,2,5500028,1.0,1.0,502.0,362.0,0.0,1.0,1.0,2.0,1.0,12.0,0.0,6.0,1.0
0,17,0,0.0,807.0,0,0,1716,807,8.0,0,0.0,1,807,0,1,0,807,0,45130,1,6124579,1.0,1.0,502.0,361.0,0.0,1.0,1.0,2.0,1.0,12.0,0.0,6.0,1.0
2,6,1448,522.67,170.4,1,6,443,0,32.53,12,607.17,5,1448,12,15,6,2556,15,54612,2,9168126,1.0,1.0,502.0,361.0,66.0,4.0,1.0,9.0,5.0,11.0,0.0,3.0,1.0
2,6,247,51.22,247.44,1,4,3643,0,21.33,1,94.45,5,1460,9,9,7,2227,1,53982,2,9208516,1.0,8.0,502.0,361.0,0.0,5.0,1.0,9.0,2.0,15.0,0.0,1.0,1.0
0,17,0,0.0,22.0,0,0,5355,22,8.0,0,0.0,1,22,0,2,0,44,0,61201,1,6311349,1.0,1.0,502.0,361.0,0.0,1.0,1.0,2.0,1.0,12.0,0.0,6.0,1.0
0,17,0,0.0,172.0,0,0,1900,172,8.0,0,0.0,1,172,0,4,0,688,0,50241,1,3495732,1.0,1.0,502.0,361.0,0.0,1.0,1.0,2.0,1.0,12.0,0.0,6.0,1.0
0,6,0,0.0,0.0,0,0,59436,0,20.0,0,0.0,1,0,0,3,0,0,0,443,1,4862074,1.0,1.0,502.0,361.0,0.0,1.0,1.0,2.0,1.0,12.0,0.0,6.0,1.0
1,17,126,126.0,37.0,0,1,53,37,8.0,0,0.0,1,37,1,1,1,37,0,63627,1,2627276,1.0,1.0,502.0,361.0,0.0,1.0,1.0,2.0,1.0,12.0,0.0,6.0,3.0
0,17,0,0.0,172.0,0,0,1900,172,8.0,0,0.0,1,172,0,4,0,688,0,43062,1,5578071,1.0,1.0,502.0,361.0,0.0,1.0,1.0,2.0,1.0,12.0,0.0,6.0,1.0
1,6,0,0.0,0.0,0,1,8080,0,30.67,0,0.0,1,0,3,3,3,0,3,62986,2,6096559,1.0,1.0,502.0,361.0,0.0,1.0,1.0,2.0,1.0,12.0,0.0,6.0,1.0
0,17,0,0.0,174.0,0,0,1900,174,8.0,0,0.0,1,174,0,12,0,2088,0,55226,1,7632196,1.0,1.0,502.0,361.0,0.0,1.0,1.0,2.0,1.0,12.0,0.0,6.0,1.0
2,6,118,23.83,108.83,0,3,80,0,21.33,1,43.09,3,366,6,6,6,653,1,64613,2,9818536,1.0,2.0,502.0,361.0,0.0,1.0,1.0,2.0,1.0,12.0,0.0,6.0,1.0
2,6,1460,573.0,93.64,0,6,443,37,21.09,1,653.14,5,341,12,11,6,1030,1,57663,2,1971236,1.0,1.0,502.0,361.0,66.0,1.0,1.0,3.0,8.0,12.0,0.0,7.0,1.0
2,6,1460,402.0,41.75,0,4,443,0,21.5,1,533.88,3,208,6,8,3,334,1,50354,2,4368832,1.0,1.0,502.0,361.0,66.0,5.0,1.0,13.0,4.0,14.0,0.0,1.0,1.0
0,6,0,0.0,276.2,1,0,58641,0,21.2,0,0.0,6,1460,0,10,0,2762,1,443,2,7665746,1.0,1.0,502.0,361.0,0.0,1.0,1.0,2.0,1.0,12.0,0.0,6.0,1.0
0,17,0,0.0,174.0,0,0,1900,174,8.0,0,0.0,1,174,0,12,0,2088,0,60779,1,7037466,1.0,1.0,502.0,361.0,0.0,1.0,1.0,2.0,1.0,12.0,0.0,6.0,1.0
1,17,202,202.0,34.0,0,1,53,34,8.0,0,0.0,1,34,1,1,0,34,0,63450,1,9983202,1.0,1.0,502.0,361.0,0.0,1.0,1.0,2.0,1.0,12.0,0.0,6.0,2.0
1,6,0,0.0,0.0,0,1,1812,0,40.0,0,0.0,1,0,1,1,1,0,1,56288,1,6589434,1.0,1.0,502.0,361.0,0.0,1.0,1.0,2.0,1.0,12.0,0.0,6.0,1.0
1,17,101,76.0,37.5,0,2,53,35,8.0,0,25.0,2,40,2,2,2,75,0,51337,1,7981101,1.0,1.0,502.0,361.0,0.0,1.0,1.0,2.0,1.0,12.0,0.0,6.0,1.0
1,6,0,0.0,0.0,0,1,443,0,30.67,0,0.0,1,0,3,3,3,0,3,49430,2,2802865,1.0,1.0,502.0,361.0,0.0,1.0,1.0,2.0,1.0,12.0,0.0,6.0,1.0
0,17,0,0.0,19.0,0,0,5355,19,8.0,0,0.0,1,19,0,2,0,38,0,63552,1,4091150,1.0,1.0,502.0,361.0,0.0,1.0,1.0,2.0,1.0,12.0,0.0,6.0,1.0
2,6,480,121.75,18.0,0,3,443,0,22.4,1,206.86,2,90,4,5,3,90,1,53094,2,3329863,1.0,1.0,502.0,362.0,0.0,1.0,1.0,2.0,1.0,12.0,0.0,6.0,1.0
2,6,478,121.25,18.0,0,3,443,0,22.4,1,205.99,2,90,4,5,3,90,1,64483,2,7819775,1.0,1.0,502.0,360.0,0.0,1.0,1.0,2.0,1.0,12.0,0.0,6.0,1.0
2,6,1460,576.08,90.27,0,6,443,0,21.09,1,650.96,5,341,12,11,5,993,1,56684,2,6982604,1.0,1.0,502.0,361.0,66.0,1.0,1.0,3.0,7.0,12.0,0.0,7.0,1.0
1,6,0,0.0,0.0,0,1,80,0,30.67,0,0.0,1,0,3,3,3,0,3,49832,2,3124693,1.0,1.0,502.0,361.0,0.0,1.0,1.0,2.0,1.0,12.0,0.0,6.0,1.0
2,6,1460,576.08,90.27,0,6,443,0,21.09,1,650.96,5,341,12,11,5,993,1,53340,2,468343,1.0,1.0,502.0,361.0,66.0,1.0,1.0,3.0,7.0,12.0,0.0,7.0,1.0
1,17,98,98.0,42.0,0,1,53,42,8.0,0,0.0,1,42,1,1,1,42,0,55629,1,9980189,1.0,1.0,502.0,361.0,0.0,1.0,1.0,2.0,1.0,12.0,0.0,6.0,0.0
2,6,1460,576.08,100.9,0,6,443,0,21.2,1,650.96,6,357,12,10,5,1009,1,53452,2,4066013,1.0,1.0,502.0,361.0,66.0,1.0,1.0,3.0,7.0,12.0,0.0,7.0,1.0
2,6,217,31.0,61.62,0,2,80,1,20.57,0,75.93,4,428,21,21,18,1294,1,55941,2,650206,1.0,1.0,200.0,2.0,0.0,1.0,1.0,2.0,1.0,12.0,0.0,6.0,1.0
2,6,517,51.69,313.4,2,5,9452,2,21.2,1,138.43,6,1460,13,10,12,3134,1,64765,2,3116054,1.0,1.0,502.0,361.0,66.0,5.0,1.0,16.0,4.0,17.0,0.0,1.0,1.0
2,6,1460,314.86,598.4,4,4,443,165,21.2,1,517.18,6,1460,7,11,5,5984,1,57086,2,9267252,1.0,1.0,502.0,361.0,66.0,1.0,1.0,3.0,6.0,21.0,0.0,3.0,1.0
2,6,472,119.75,11.2,0,3,443,0,22.4,1,203.39,2,56,4,5,3,56,1,58934,2,9305063,1.0,1.0,502.0,354.0,0.0,1.0,1.0,0.0,1.0,4.0,0.0,6.0,1.0
2,6,478,121.25,11.2,0,3,443,0,22.4,1,205.99,2,56,4,5,3,56,1,62319,2,9447772,1.0,1.0,502.0,360.0,0.0,1.0,1.0,0.0,1.0,4.0,0.0,6.0,1.0
0,17,0,0.0,174.0,0,0,1900,174,8.0,0,0.0,1,174,0,4,0,696,0,63150,1,2592789,1.0,1.0,502.0,361.0,0.0,1.0,1.0,2.0,1.0,12.0,0.0,6.0,1.0
2,6,562,112.4,134.4,0,2,443,0,22.4,1,224.8,2,672,5,5,4,672,1,61245,2,2801124,1.0,1.0,400.0,362.0,0.0,1.0,1.0,2.0,1.0,12.0,0.0,6.0,1.0
0,17,0,0.0,125.75,0,0,1900,132,8.0,0,0.0,4,137,0,4,0,503,0,35527,1,7999380,1.0,1.0,502.0,361.0,0.0,1.0,1.0,2.0,1.0,12.0,0.0,6.0,1.0
0,17,0,0.0,22.0,0,0,5355,22,8.0,0,0.0,1,22,0,2,0,44,0,50267,1,7925007,1.0,1.0,502.0,361.0,0.0,1.0,1.0,2.0,1.0,12.0,0.0,6.0,1.0
2,6,1420,90.88,250.15,1,10,443,46,20.23,0,268.33,25,1252,73,53,68,13258,1,49316,2,4986688,1.0,1.0,502.0,361.0,33.0,5.0,1.0,10.0,43.0,15.0,0.0,36.0,1.0
0,6,0,0.0,306.78,1,0,50740,37,21.33,0,0.0,6,1460,0,9,0,2761,1,443,2,5929521,1.0,1.0,502.0,361.0,0.0,1.0,1.0,2.0,1.0,12.0,0.0,6.0,1.0
0,6,0,0.0,345.38,1,0,61845,37,21.5,0,0.0,6,1460,0,8,0,2763,1,443,2,3395680,1.0,1.0,502.0,361.0,0.0,1.0,1.0,2.0,1.0,12.0,0.0,6.0,1.0
2,6,478,97.0,15.0,0,3,443,0,22.0,1,190.52,2,90,5,6,4,90,1,49493,2,6547326,1.0,1.0,502.0,360.0,0.0,1.0,1.0,2.0,1.0,12.0,0.0,6.0,1.0
1,17,156,156.0,78.0,0,1,53,78,8.0,0,0.0,1,78,1,1,0,78,0,65200,1,2226107,1.0,1.0,502.0,361.0,0.0,1.0,1.0,2.0,1.0,12.0,0.0,6.0,0.0
1,6,0,0.0,0.0,0,1,6565,0,40.0,0,0.0,1,0,1,1,1,0,1,49760,1,3161729,1.0,1.0,502.0,361.0,0.0,1.0,1.0,2.0,1.0,12.0,0.0,6.0,1.0
2,6,478,121.25,18.0,0,3,443,0,22.4,1,205.99,2,90,4,5,3,90,1,52465,2,2497924,1.0,1.0,502.0,360.0,0.0,1.0,1.0,2.0,1.0,12.0,0.0,6.0,1.0
2,6,480,121.75,18.0,0,3,443,0,22.4,1,206.86,2,90,4,5,3,90,1,52571,2,2562200,1.0,1.0,502.0,362.0,0.0,1.0,1.0,2.0,1.0,12.0,0.0,6.0,1.0
0,6,0,0.0,0.0,0,0,60759,0,20.0,0,0.0,1,0,0,3,0,0,0,443,1,232745,1.0,1.0,502.0,361.0,0.0,1.0,1.0,2.0,1.0,12.0,0.0,6.0,1.0
0,17,0,0.0,22.0,0,0,5355,22,8.0,0,0.0,1,22,0,2,0,44,0,49318,1,3184156,1.0,1.0,502.0,361.0,0.0,1.0,1.0,2.0,1.0,12.0,0.0,6.0,1.0
0,17,0,0.0,175.0,0,0,1900,175,8.0,0,0.0,1,175,0,4,0,700,0,65428,1,7250875,1.0,1.0,502.0,361.0,0.0,1.0,1.0,2.0,1.0,12.0,0.0,6.0,1.0
1,17,289,289.0,103.0,0,1,11432,103,8.0,0,0.0,1,103,5,6,0,618,0,36415,1,7766257,1.0,1.0,502.0,361.0,0.0,1.0,1.0,2.0,1.0,12.0,0.0,6.0,1.0
0,17,0,0.0,174.0,0,0,1900,174,8.0,0,0.0,1,174,0,4,0,696,0,65256,1,9086268,1.0,1.0,502.0,361.0,0.0,1.0,1.0,2.0,1.0,12.0,0.0,6.0,1.0
1,6,0,0.0,0.0,0,1,443,0,30.67,0,0.0,1,0,3,3,3,0,3,52102,2,5487024,1.0,1.0,502.0,361.0,0.0,1.0,1.0,2.0,1.0,12.0,0.0,6.0,1.0
2,6,480,121.75,11.2,0,3,443,0,21.6,1,206.86,2,56,4,5,3,56,1,49211,2,8952093,1.0,1.0,502.0,362.0,0.0,1.0,1.0,0.0,1.0,4.0,0.0,6.0,1.0
1,6,0,0.0,0.0,0,1,443,0,30.67,0,0.0,1,0,3,3,3,0,3,52831,2,1817826,1.0,1.0,502.0,361.0,0.0,1.0,1.0,2.0,1.0,12.0,0.0,6.0,1.0
1,17,124,124.0,58.0,0,1,53,58,8.0,0,0.0,1,58,1,1,1,58,0,60790,1,9794466,1.0,1.0,502.0,361.0,0.0,1.0,1.0,2.0,1.0,12.0,0.0,6.0,0.0
1,17,114,114.0,33.0,0,1,53,33,8.0,0,0.0,1,33,1,1,1,33,0,63009,1,9123939,1.0,1.0,502.0,361.0,0.0,1.0,1.0,2.0,1.0,12.0,0.0,6.0,1.0
0,17,0,0.0,20.0,0,0,5355,20,8.0,0,0.0,1,20,0,2,0,40,0,54586,1,1322661,1.0,1.0,502.0,361.0,0.0,1.0,1.0,2.0,1.0,12.0,0.0,6.0,1.0
2,6,712,178.0,112.33,0,2,8080,0,22.0,1,308.31,2,674,4,6,3,674,1,54723,2,9067660,1.0,1.0,404.0,564.0,0.0,1.0,1.0,2.0,1.0,12.0,0.0,6.0,1.0
2,6,482,122.25,18.0,0,3,443,0,22.4,1,207.72,2,90,4,5,3,90,1,55750,2,728016,1.0,1.0,502.0,364.0,0.0,1.0,1.0,2.0,1.0,12.0,0.0,6.0,1.0
2,6,1460,573.0,92.18,0,6,443,37,21.09,1,653.14,6,341,12,11,6,1014,1,52304,2,1601253,1.0,1.0,502.0,361.0,66.0,1.0,1.0,3.0,8.0,12.0,0.0,6.0,1.0
2,6,181,53.73,37.55,0,5,80,0,21.09,1,78.25,4,155,11,11,8,413,1,54938,2,3847634,1.0,1.0,200.0,0.0,0.0,1.0,1.0,2.0,1.0,12.0,0.0,6.0,1.0
2,6,476,120.75,18.0,0,3,443,0,22.4,1,205.12,2,90,4,5,3,90,1,61561,2,3180118,1.0,1.0,502.0,358.0,0.0,1.0,1.0,2.0,1.0,12.0,0.0,6.0,1.0
1,17,214,151.0,40.67,0,3,53,38,8.0,0,69.6,2,46,3,3,1,122,0,63681,1,8892873,1.0,1.0,502.0,361.0,0.0,1.0,1.0,2.0,1.0,12.0,0.0,6.0,1.0
0,6,0,0.0,0.0,0,0,59762,0,20.0,0,0.0,1,0,0,3,0,0,0,443,1,2614879,1.0,1.0,502.0,361.0,0.0,1.0,1.0,2.0,1.0,12.0,0.0,6.0,1.0
0,17,0,0.0,174.0,0,0,1900,174,8.0,0,0.0,1,174,0,4,0,696,0,55954,1,7169080,1.0,1.0,502.0,361.0,0.0,1.0,1.0,2.0,1.0,12.0,0.0,6.0,1.0
1,6,0,0.0,0.0,0,1,8080,0,30.67,0,0.0,1,0,3,3,3,0,3,53494,2,65841,1.0,1.0,502.0,361.0,0.0,1.0,1.0,2.0,1.0,12.0,0.0,6.0,1.0
2,6,484,122.75,18.0,0,3,443,0,22.4,1,208.59,2,90,4,5,3,90,1,49382,2,4285671,1.0,1.0,502.0,366.0,0.0,1.0,1.0,2.0,1.0,12.0,0.0,6.0,1.0
0,17,0,0.0,174.0,0,0,1900,174,8.0,0,0.0,1,174,0,4,0,696,0,55489,1,2575942,1.0,1.0,502.0,361.0,0.0,1.0,1.0,2.0,1.0,12.0,0.0,6.0,1.0
0,17,0,0.0,22.0,0,0,5355,22,8.0,0,0.0,1,22,0,2,0,44,0,59370,1,24251,1.0,1.0,502.0,361.0,0.0,1.0,1.0,2.0,1.0,12.0,0.0,6.0,1.0
2,6,315,73.86,108.83,0,4,80,0,22.0,1,115.26,3,366,7,6,5,653,1,52523,2,6423028,1.0,2.0,404.0,315.0,0.0,1.0,1.0,2.0,1.0,12.0,0.0,6.0,1.0
1,17,49,49.0,33.0,0,1,53,33,8.0,0,0.0,1,33,1,1,1,33,0,50757,1,7445371,1.0,1.0,502.0,361.0,0.0,1.0,1.0,2.0,1.0,12.0,0.0,6.0,1.0
0,17,0,0.0,172.0,0,0,1900,172,8.0,0,0.0,1,172,0,4,0,688,0,41818,1,2257330,1.0,1.0,502.0,361.0,0.0,1.0,1.0,2.0,1.0,12.0,0.0,6.0,1.0
1,6,0,0.0,0.0,0,1,443,0,30.67,0,0.0,1,0,3,3,3,0,3,55938,2,1057829,1.0,1.0,502.0,361.0,0.0,1.0,1.0,2.0,1.0,12.0,0.0,6.0,1.0
1,17,228,139.33,32.67,0,3,53,29,8.0,0,62.89,2,40,3,3,2,98,0,65290,1,90775,1.0,1.0,502.0,361.0,0.0,1.0,1.0,2.0,1.0,12.0,0.0,6.0,0.0
2,6,157,52.2,8.8,0,3,80,0,22.4,1,66.09,2,44,5,5,4,44,1,50096,2,5437958,1.0,1.0,200.0,104.0,0.0,1.0,1.0,2.0,1.0,12.0,0.0,6.0,1.0
1,6,0,0.0,0.0,0,1,8080,0,30.67,0,0.0,1,0,3,3,3,0,3,54713,2,4136250,1.0,1.0,502.0,361.0,0.0,1.0,1.0,2.0,1.0,12.0,0.0,6.0,1.0
0,17,0,0.0,172.0,0,0,1900,172,8.0,0,0.0,1,172,0,4,0,688,0,51734,1,8050108,1.0,1.0,502.0,361.0,0.0,1.0,1.0,2.0,1.0,12.0,0.0,6.0,1.0
1,17,211,139.0,40.33,0,3,53,38,8.0,0,55.16,3,49,3,3,1,121,0,62335,1,4013719,1.0,1.0,502.0,361.0,0.0,1.0,1.0,2.0,1.0,12.0,0.0,6.0,3.0
2,6,1420,385.31,38.57,0,7,443,1,20.57,0,601.5,5,474,29,21,20,810,1,55422,2,9390668,1.0,1.0,502.0,361.0,66.0,5.0,1.0,9.0,5.0,15.0,0.0,4.0,1.0
2,6,230,58.8,260.44,1,4,1971,0,21.33,1,91.31,5,1460,10,9,7,2344,1,55973,2,9076200,1.0,8.0,502.0,361.0,66.0,5.0,1.0,9.0,5.0,15.0,0.0,1.0,1.0
2,6,490,124.25,18.67,0,3,443,0,22.0,2,211.19,2,56,4,6,3,112,1,49509,2,7171616,1.0,1.0,502.0,372.0,0.0,1.0,1.0,0.0,2.0,4.0,0.0,6.0,1.0
0,17,0,0.0,166.0,0,0,1900,166,8.0,0,0.0,1,166,0,4,0,664,0,38179,1,3609359,1.0,1.0,502.0,361.0,0.0,1.0,1.0,2.0,1.0,12.0,0.0,6.0,1.0
2,6,497,165.67,11.2,0,2,443,0,22.4,1,234.29,2,56,3,5,2,56,1,60159,2,6653718,1.0,1.0,502.0,361.0,0.0,1.0,1.0,0.0,1.0,4.0,0.0,6.0,1.0
2,6,482,122.25,11.2,0,3,443,0,21.6,1,207.72,2,56,4,5,3,56,1,61845,2,3683274,1.0,1.0,502.0,364.0,0.0,1.0,1.0,0.0,1.0,4.0,0.0,6.0,1.0
1,17,289,289.0,103.0,0,1,23401,103,8.0,0,0.0,1,103,23,24,0,2472,0,36415,1,9469001,1.0,1.0,502.0,361.0,0.0,1.0,1.0,2.0,1.0,12.0,0.0,6.0,1.0
2,6,480,97.4,15.0,0,3,443,0,22.0,1,191.32,2,90,5,6,4,90,1,53708,2,7493048,1.0,1.0,502.0,362.0,0.0,1.0,1.0,2.0,1.0,12.0,0.0,6.0,1.0
0,17,0,0.0,22.0,0,0,5355,22,8.0,0,0.0,1,22,0,2,0,44,0,49225,1,4693007,1.0,1.0,502.0,361.0,0.0,1.0,1.0,2.0,1.0,12.0,0.0,6.0,1.0
0,17,0,0.0,22.0,0,0,5355,22,8.0,0,0.0,1,22,0,2,0,44,0,63860,1,1984215,1.0,1.0,502.0,361.0,0.0,1.0,1.0,2.0,1.0,12.0,0.0,6.0,1.0
2,6,181,53.73,37.64,0,5,80,0,21.09,1,78.25,4,155,11,11,8,414,1,55126,2,699658,1.0,1.0,200.0,0.0,0.0,1.0,1.0,2.0,1.0,12.0,0.0,6.0,1.0
2,6,1420,1286.01,26.33,0,16,443,0,20.16,0,347.61,6,587,200,75,11,1975,1,51055,2,6270167,1.0,1.0,502.0,361.0,0.0,2.0,1.0,9.0,7.0,15.0,0.0,7.0,1.0
2,6,480,97.4,15.0,0,3,443,0,22.0,1,191.32,2,90,5,6,4,90,1,53921,2,6304259,1.0,1.0,502.0,362.0,0.0,1.0,1.0,2.0,1.0,12.0,0.0,6.0,1.0
2,6,1460,573.0,84.5,0,6,443,0,21.0,1,653.14,6,341,12,12,6,1014,1,56501,2,8964111,1.0,1.0,502.0,361.0,66.0,1.0,1.0,3.0,8.0,12.0,0.0,6.0,1.0
1,17,221,215.0,38.0,0,2,53,38,8.0,0,6.0,1,38,2,2,0,76,0,57948,1,6650297,1.0,1.0,502.0,361.0,0.0,1.0,1.0,2.0,1.0,12.0,0.0,6.0,2.0
1,17,98,98.0,42.0,0,1,53,42,8.0,0,0.0,1,42,1,1,1,42,0,60744,1,8881415,1.0,1.0,502.0,361.0,0.0,1.0,1.0,2.0,1.0,12.0,0.0,6.0,0.0
2,6,1420,1056.54,11.27,0,6,80,0,20.46,0,603.15,3,282,67,26,16,293,1,51530,2,5715683,1.0,1.0,200.0,0.0,0.0,1.0,1.0,2.0,1.0,12.0,0.0,6.0,1.0
2,6,472,119.75,11.2,0,3,443,0,22.4,1,203.39,2,56,4,5,3,56,1,51200,2,5028123,1.0,1.0,502.0,354.0,0.0,1.0,1.0,0.0,1.0,4.0,0.0,6.0,1.0
2,6,490,124.25,18.67,0,3,443,0,22.0,2,211.19,2,56,4,6,3,112,1,54727,2,5764165,1.0,1.0,502.0,372.0,0.0,1.0,1.0,0.0,2.0,4.0,0.0,6.0,1.0
2,6,482,122.25,11.2,0,3,443,0,22.4,1,207.72,2,56,4,5,3,56,1,53675,2,6416175,1.0,1.0,502.0,364.0,0.0,1.0,1.0,0.0,1.0,4.0,0.0,6.0,1.0
1,6,0,0.0,0.0,0,1,80,0,30.67,0,0.0,1,0,3,3,3,0,3,50074,2,1425080,1.0,1.0,502.0,361.0,0.0,1.0,1.0,2.0,1.0,12.0,0.0,6.0,1.0
2,6,480,121.75,18.0,0,3,443,0,22.4,1,206.86,2,90,4,5,3,90,1,52232,2,8156342,1.0,1.0,502.0,362.0,0.0,1.0,1.0,2.0,1.0,12.0,0.0,6.0,1.0
0,17,0,0.0,174.0,0,0,1900,174,8.0,0,0.0,1,174,0,8,0,1392,0,60435,1,3697863,1.0,1.0,502.0,361.0,0.0,1.0,1.0,2.0,1.0,12.0,0.0,6.0,1.0
0,17,0,0.0,175.0,0,0,1900,175,8.0,0,0.0,1,175,0,8,0,1400,0,63025,1,8703568,1.0,1.0,502.0,361.0,0.0,1.0,1.0,2.0,1.0,12.0,0.0,6.0,1.0
1,17,114,114.0,33.0,0,1,53,33,8.0,0,0.0,1,33,2,2,2,66,0,50147,1,8939877,1.0,1.0,502.0,361.0,0.0,1.0,1.0,2.0,1.0,12.0,0.0,6.0,1.0
0,6,0,0.0,0.0,0,0,449,0,30.67,0,0.0,1,0,0,3,0,0,3,52035,2,3580802,1.0,1.0,502.0,361.0,0.0,1.0,1.0,2.0,1.0,12.0,0.0,6.0,1.0
1,17,191,191.0,40.0,0,1,53,40,8.0,0,0.0,1,40,1,1,0,40,0,52844,1,2022836,1.0,1.0,502.0,361.0,0.0,1.0,1.0,2.0,1.0,12.0,0.0,6.0,1.0
0,17,0,0.0,125.75,0,0,1900,132,8.0,0,0.0,4,137,0,4,0,503,0,57813,1,9089288,1.0,1.0,502.0,361.0,0.0,1.0,1.0,2.0,1.0,12.0,0.0,6.0,1.0
2,6,476,120.75,18.0,0,3,443,0,22.4,1,205.12,2,90,4,5,3,90,1,58576,2,2504489,1.0,1.0,502.0,358.0,0.0,1.0,1.0,2.0,1.0,12.0,0.0,6.0,1.0
2,6,480,121.75,18.0,0,3,443,0,22.4,1,206.86,2,90,4,5,3,90,1,54156,2,764451,1.0,1.0,502.0,362.0,0.0,1.0,1.0,2.0,1.0,12.0,0.0,6.0,1.0
0,6,0,0.0,0.0,0,0,8080,0,30.67,0,0.0,1,0,0,3,0,0,3,59183,2,8535675,1.0,1.0,502.0,361.0,0.0,1.0,1.0,2.0,1.0,12.0,0.0,6.0,1.0
0,17,0,0.0,174.0,0,0,1900,174,8.0,0,0.0,1,174,0,4,0,696,0,62302,1,2765874,1.0,1.0,502.0,361.0,0.0,1.0,1.0,2.0,1.0,12.0,0.0,6.0,1.0
0,6,0,0.0,307.0,1,0,58803,37,21.33,0,0.0,6,1460,0,9,0,2763,1,443,2,5214151,1.0,1.0,502.0,361.0,0.0,1.0,1.0,2.0,1.0,12.0,0.0,6.0,1.0
0,17,0,0.0,174.0,0,0,1900,174,8.0,0,0.0,1,174,0,4,0,696,0,65246,1,4889601,1.0,1.0,502.0,361.0,0.0,1.0,1.0,2.0,1.0,12.0,0.0,6.0,1.0
2,6,1151,219.29,76.88,0,4,80,0,21.5,1,401.72,3,323,7,8,5,615,1,51600,2,4260719,1.0,1.0,200.0,8.0,0.0,1.0,1.0,2.0,1.0,12.0,0.0,6.0,1.0
1,17,202,202.0,34.0,0,1,53,34,8.0,0,0.0,1,34,1,1,0,34,0,54118,1,9994432,1.0,1.0,502.0,361.0,0.0,1.0,1.0,2.0,1.0,12.0,0.0,6.0,2.0
1,17,101,74.0,35.5,0,2,53,31,8.0,0,27.0,2,40,2,2,2,71,0,59207,1,1019302,1.0,1.0,502.0,361.0,0.0,1.0,1.0,2.0,1.0,12.0,0.0,6.0,0.0
0,17,0,0.0,174.0,0,0,1900,174,8.0,0,0.0,1,174,0,8,0,1392,0,56524,1,2005394,1.0,1.0,502.0,361.0,0.0,1.0,1.0,2.0,1.0,12.0,0.0,6.0,1.0
1,17,191,191.0,40.0,0,1,53,40,8.0,0,0.0,1,40,1,1,0,40,0,60747,1,8862866,1.0,1.0,502.0,361.0,0.0,1.0,1.0,2.0,1.0,12.0,0.0,6.0,1.0
2,6,0,0.0,0.0,0,1,80,0,23.0,0,0.0,1,0,3,4,3,0,1,49210,2,1769446,1.0,1.0,502.0,361.0,0.0,1.0,1.0,2.0,1.0,12.0,0.0,6.0,1.0
2,6,562,112.4,134.4,0,2,443,0,22.4,1,224.8,2,672,5,5,4,672,1,54537,2,8274072,1.0,1.0,400.0,362.0,0.0,1.0,1.0,2.0,1.0,12.0,0.0,6.0,1.0
1,6,0,0.0,0.0,0,1,8080,0,30.67,0,0.0,1,0,3,3,3,0,3,65229,2,4156583,1.0,1.0,502.0,361.0,0.0,1.0,1.0,2.0,1.0,12.0,0.0,6.0,1.0
0,6,0,0.0,0.0,0,0,449,0,30.67,0,0.0,1,0,0,3,0,0,3,51568,2,385272,1.0,1.0,502.0,361.0,0.0,1.0,1.0,2.0,1.0,12.0,0.0,6.0,1.0
0,17,0,0.0,522.0,0,0,1900,522,8.0,0,0.0,1,522,0,1,0,522,0,49740,1,4502666,1.0,1.0,502.0,361.0,0.0,1.0,1.0,2.0,1.0,12.0,0.0,6.0,1.0
2,6,484,122.75,18.0,0,3,443,0,22.4,1,208.59,2,90,4,5,3,90,1,53365,2,1944994,1.0,1.0,502.0,366.0,0.0,1.0,1.0,2.0,1.0,12.0,0.0,6.0,1.0
2,6,157,52.2,8.8,0,3,80,0,22.4,1,66.09,2,44,5,5,4,44,1,58942,2,2652451,1.0,1.0,200.0,104.0,0.0,1.0,1.0,2.0,1.0,12.0,0.0,6.0,1.0
1,6,0,0.0,0.0,0,1,8080,0,30.67,0,0.0,1,0,3,3,3,0,3,56035,2,7927292,1.0,1.0,502.0,361.0,0.0,1.0,1.0,2.0,1.0,12.0,0.0,6.0,1.0
0,17,0,0.0,174.0,0,0,1900,174,8.0,0,0.0,1,174,0,4,0,696,0,64017,1,5112151,1.0,1.0,502.0,361.0,0.0,1.0,1.0,2.0,1.0,12.0,0.0,6.0,1.0
0,6,0,0.0,0.0,0,0,8080,0,30.67,0,0.0,1,0,0,3,0,0,3,50449,2,7547265,1.0,1.0,502.0,361.0,0.0,1.0,1.0,2.0,1.0,12.0,0.0,6.0,1.0
2,6,478,121.25,18.0,0,3,443,0,22.4,1,205.99,2,90,4,5,3,90,1,59008,2,3644929,1.0,1.0,502.0,360.0,0.0,1.0,1.0,2.0,1.0,12.0,0.0,6.0,1.0
1,17,114,114.0,33.0,0,1,53,33,8.0,0,0.0,1,33,2,2,2,66,0,62167,1,368862,1.0,1.0,502.0,361.0,0.0,1.0,1.0,2.0,1.0,12.0,0.0,6.0,1.0
1,17,230,173.5,37.5,0,2,53,36,8.0,0,56.5,2,39,2,2,1,75,0,54184,1,3988898,1.0,1.0,502.0,361.0,0.0,1.0,1.0,2.0,1.0,12.0,0.0,6.0,0.0
0,17,0,0.0,94.0,0,0,5353,94,8.0,0,0.0,1,94,0,98,0,9212,0,5353,1,3272779,1.0,1.0,502.0,361.0,0.0,1.0,1.0,2.0,1.0,12.0,0.0,6.0,1.0
1,17,229,195.5,39.0,0,2,53,33,8.0,0,33.5,2,45,2,2,0,78,0,64064,1,681618,1.0,1.0,502.0,361.0,0.0,1.0,1.0,2.0,1.0,12.0,0.0,6.0,8.0
2,6,472,119.75,11.2,0,3,443,0,22.4,1,203.39,2,56,4,5,3,56,1,62510,2,9924,1.0,1.0,502.0,354.0,0.0,1.0,1.0,0.0,1.0,4.0,0.0,6.0,1.0
0,17,0,0.0,174.0,0,0,1900,174,8.0,0,0.0,1,174,0,20,0,3480,0,61245,1,8246081,1.0,1.0,502.0,361.0,0.0,1.0,1.0,2.0,1.0,12.0,0.0,6.0,1.0
2,6,155,51.8,8.8,0,3,80,0,22.4,1,65.46,2,44,5,5,4,44,1,58142,2,364140,1.0,1.0,200.0,104.0,0.0,1.0,1.0,2.0,1.0,12.0,0.0,6.0,1.0
1,6,0,0.0,0.0,0,1,8080,0,30.67,0,0.0,1,0,3,3,3,0,3,54620,2,7264184,1.0,1.0,502.0,361.0,0.0,1.0,1.0,2.0,1.0,12.0,0.0,6.0,1.0
2,6,157,52.2,13.6,0,3,80,0,22.4,1,66.09,2,68,5,5,4,68,1,65208,2,3118912,1.0,1.0,200.0,104.0,0.0,1.0,1.0,2.0,1.0,12.0,0.0,6.0,1.0
0,17,0,0.0,19.0,0,0,5355,19,8.0,0,0.0,1,19,0,2,0,38,0,65518,1,5336050,1.0,1.0,502.0,361.0,0.0,1.0,1.0,2.0,1.0,12.0,0.0,6.0,1.0
0,6,0,0.0,0.0,0,0,8080,0,30.67,0,0.0,1,0,0,3,0,0,3,56915,2,469772,1.0,1.0,502.0,361.0,0.0,1.0,1.0,2.0,1.0,12.0,0.0,6.0,1.0
2,6,1460,573.0,85.83,0,6,443,0,21.0,1,653.14,5,341,12,12,6,1030,1,56812,2,6570113,1.0,1.0,502.0,361.0,66.0,1.0,1.0,3.0,8.0,12.0,0.0,6.0,1.0
0,17,0,0.0,175.0,0,0,1900,175,8.0,0,0.0,1,175,0,4,0,700,0,55700,1,2012587,1.0,1.0,502.0,361.0,0.0,1.0,1.0,2.0,1.0,12.0,0.0,6.0,1.0
0,6,0,0.0,0.0,0,0,54088,0,20.0,0,0.0,1,0,0,3,0,0,0,443,1,6735658,1.0,1.0,502.0,361.0,0.0,1.0,1.0,2.0,1.0,12.0,0.0,6.0,1.0
1,6,0,0.0,0.0,0,1,80,0,30.67,0,0.0,1,0,3,3,3,0,3,51472,2,7280859,1.0,1.0,502.0,361.0,0.0,1.0,1.0,2.0,1.0,12.0,0.0,6.0,1.0
1,17,110,110.0,40.0,0,1,53,40,8.0,0,0.0,1,40,1,1,1,40,0,57848,1,8246414,1.0,1.0,502.0,361.0,0.0,1.0,1.0,2.0,1.0,12.0,0.0,6.0,0.0
2,6,1460,576.08,91.73,0,6,443,0,21.09,1,650.96,6,357,12,11,5,1009,1,55621,2,1546998,1.0,1.0,502.0,361.0,66.0,1.0,1.0,3.0,7.0,12.0,0.0,7.0,1.0
0,6,0,0.0,343.12,1,0,56685,37,21.5,0,0.0,6,1460,0,8,0,2745,1,443,2,1162032,1.0,1.0,502.0,361.0,0.0,1.0,1.0,2.0,1.0,12.0,0.0,6.0,1.0
2,6,482,122.25,11.2,0,3,443,0,22.4,1,207.72,2,56,4,5,3,56,1,57251,2,1530774,1.0,1.0,502.0,364.0,0.0,1.0,1.0,0.0,1.0,4.0,0.0,6.0,1.0
0,17,0,0.0,175.0,0,0,1900,175,8.0,0,0.0,1,175,0,4,0,700,0,57696,1,8733407,1.0,1.0,502.0,361.0,0.0,1.0,1.0,2.0,1.0,12.0,0.0,6.0,1.0
2,6,480,121.75,11.2,0,3,443,0,22.4,1,206.86,2,56,4,5,3,56,1,62858,2,162081,1.0,1.0,502.0,362.0,0.0,1.0,1.0,0.0,1.0,4.0,0.0,6.0,1.0
2,6,1460,573.0,85.83,0,6,443,0,21.0,1,653.14,5,341,12,12,6,1030,1,57398,2,8013773,1.0,1.0,502.0,361.0,66.0,1.0,1.0,3.0,8.0,12.0,0.0,7.0,1.0
0,6,0,0.0,306.89,1,0,58823,37,21.33,0,0.0,6,1460,0,9,0,2762,1,443,2,8708155,1.0,1.0,502.0,361.0,0.0,1.0,1.0,2.0,1.0,12.0,0.0,6.0,1.0
2,6,472,119.75,18.0,0,3,443,0,22.4,1,203.39,2,90,4,5,3,90,1,49187,2,8233225,1.0,1.0,502.0,354.0,0.0,1.0,1.0,2.0,1.0,12.0,0.0,6.0,1.0
0,17,0,0.0,174.0,0,0,1900,174,8.0,0,0.0,1,174,0,4,0,696,0,64852,1,1751786,1.0,1.0,502.0,361.0,0.0,1.0,1.0,2.0,1.0,12.0,0.0,6.0,1.0
1,17,347,202.75,39.25,0,4,53,36,8.0,0,128.88,4,47,4,4,2,157,0,63101,1,1216901,1.0,1.0,502.0,361.0,0.0,1.0,1.0,2.0,1.0,12.0,0.0,6.0,1.0
0,17,0,0.0,492.33,0,0,1900,483,8.0,0,0.0,3,520,0,3,0,1477,0,54955,1,6048043,1.0,1.0,502.0,361.0,0.0,1.0,1.0,2.0,1.0,12.0,0.0,6.0,1.0
0,17,0,0.0,174.0,0,0,1900,174,8.0,0,0.0,1,174,0,4,0,696,0,58577,1,2164918,1.0,1.0,502.0,361.0,0.0,1.0,1.0,2.0,1.0,12.0,0.0,6.0,1.0
1,17,252,179.0,35.5,0,2,53,34,8.0,0,73.0,2,37,2,2,1,71,0,62753,1,1195155,1.0,1.0,502.0,361.0,0.0,1.0,1.0,2.0,1.0,12.0,0.0,6.0,10.0
0,6,0,0.0,0.0,0,0,8080,0,30.67,0,0.0,1,0,0,3,0,0,3,50395,2,2569062,1.0,1.0,502.0,361.0,0.0,1.0,1.0,2.0,1.0,12.0,0.0,6.0,1.0
2,6,1460,447.8,107.17,0,3,443,0,22.0,1,589.21,3,517,5,6,3,643,1,50022,2,6174870,1.0,1.0,502.0,361.0,66.0,5.0,1.0,16.0,4.0,17.0,0.0,1.0,1.0
0,17,0,0.0,22.0,0,0,5355,22,8.0,0,0.0,1,22,0,4,0,88,0,50491,1,5856863,1.0,1.0,502.0,361.0,0.0,1.0,1.0,2.0,1.0,12.0,0.0,6.0,1.0
0,17,0,0.0,172.0,0,0,1900,172,8.0,0,0.0,1,172,0,4,0,688,0,46932,1,7256511,1.0,1.0,502.0,361.0,0.0,1.0,1.0,2.0,1.0,12.0,0.0,6.0,1.0
1,6,0,0.0,0.0,0,1,443,0,30.67,0,0.0,1,0,3,3,3,0,3,49460,2,8582569,1.0,1.0,502.0,361.0,0.0,1.0,1.0,2.0,1.0,12.0,0.0,6.0,1.0
1,17,268,268.0,103.0,0,1,28053,103,8.0,0,0.0,1,103,23,24,0,2472,0,36415,1,5178798,1.0,1.0,502.0,361.0,0.0,1.0,1.0,2.0,1.0,12.0,0.0,6.0,1.0
0,17,0,0.0,656.0,0,0,3702,656,8.0,0,0.0,1,656,0,7,0,4592,0,58328,1,1526801,1.0,1.0,502.0,361.0,0.0,1.0,1.0,2.0,1.0,12.0,0.0,6.0,1.0
2,6,478,121.25,18.0,0,3,443,0,22.4,1,205.99,2,90,4,5,3,90,1,49435,2,906862,1.0,1.0,502.0,360.0,0.0,1.0,1.0,2.0,1.0,12.0,0.0,6.0,1.0
0,6,0,0.0,0.0,0,0,62756,0,20.0,0,0.0,1,0,0,3,0,0,0,443,1,6877810,1.0,1.0,502.0,361.0,0.0,1.0,1.0,2.0,1.0,12.0,0.0,6.0,1.0
2,6,480,121.75,18.0,0,3,443,0,22.4,1,206.86,2,90,4,5,3,90,1,50459,2,324798,1.0,1.0,502.0,362.0,0.0,1.0,1.0,2.0,1.0,12.0,0.0,6.0,1.0
1,17,105,83.0,40.0,0,2,53,35,8.0,0,22.0,2,45,2,2,2,80,0,65084,1,4318886,1.0,1.0,502.0,361.0,0.0,1.0,1.0,2.0,1.0,12.0,0.0,6.0,0.0
2,6,1460,519.0,91.86,0,3,443,0,21.71,1,668.91,3,517,6,7,3,643,1,50120,2,991504,1.0,1.0,502.0,361.0,66.0,5.0,1.0,16.0,4.0,17.0,0.0,1.0,1.0
1,6,0,0.0,0.0,0,1,5033,0,40.0,0,0.0,1,0,1,1,1,0,1,56614,1,3705289,1.0,1.0,502.0,361.0,0.0,1.0,1.0,2.0,1.0,12.0,0.0,6.0,1.0
0,17,0,0.0,20.0,0,0,5355,20,8.0,0,0.0,1,20,0,2,0,40,0,52531,1,2484633,1.0,1.0,502.0,361.0,0.0,1.0,1.0,2.0,1.0,12.0,0.0,6.0,1.0
1,6,0,0.0,0.0,0,1,8080,0,30.67,0,0.0,1,0,3,3,3,0,3,50586,2,9832602,1.0,1.0,502.0,361.0,0.0,1.0,1.0,2.0,1.0,12.0,0.0,6.0,1.0
0,17,0,0.0,19.0,0,0,5355,19,8.0,0,0.0,1,19,0,2,0,38,0,60656,1,6825269,1.0,1.0,502.0,361.0,0.0,1.0,1.0,2.0,1.0,12.0,0.0,6.0,1.0
0,6,0,0.0,274.5,1,0,61690,0,21.2,0,0.0,6,1460,0,10,0,2745,1,443,2,1168234,1.0,1.0,502.0,361.0,0.0,1.0,1.0,2.0,1.0,12.0,0.0,6.0,1.0
0,6,0,0.0,0.0,0,0,50625,0,20.0,0,0.0,1,0,0,3,0,0,0,443,1,2427319,1.0,1.0,502.0,361.0,0.0,1.0,1.0,2.0,1.0,12.0,0.0,6.0,1.0
1,17,90,90.0,74.0,0,1,53,74,8.0,0,0.0,1,74,1,1,1,74,0,52537,1,326652,1.0,1.0,502.0,361.0,0.0,1.0,1.0,2.0,1.0,12.0,0.0,6.0,1.0
0,17,0,0.0,125.75,0,0,1900,132,8.0,0,0.0,4,137,0,4,0,503,0,43110,1,624360,1.0,1.0,502.0,361.0,0.0,1.0,1.0,2.0,1.0,12.0,0.0,6.0,1.0
0,17,0,0.0,22.0,0,0,5355,22,8.0,0,0.0,1,22,0,2,0,44,0,62866,1,1623814,1.0,1.0,502.0,361.0,0.0,1.0,1.0,2.0,1.0,12.0,0.0,6.0,1.0
2,6,157,52.2,8.8,0,3,80,0,22.4,1,66.09,2,44,5,5,4,44,1,53147,2,5095401,1.0,1.0,200.0,104.0,0.0,1.0,1.0,2.0,1.0,12.0,0.0,6.0,1.0
1,6,0,0.0,0.0,0,1,443,0,30.67,0,0.0,1,0,3,3,3,0,3,53392,2,8242564,1.0,1.0,502.0,361.0,0.0,1.0,1.0,2.0,1.0,12.0,0.0,6.0,1.0
2,6,1420,833.07,36.45,0,14,443,0,20.36,0,666.76,9,268,58,33,22,1203,1,49504,2,9707221,1.0,1.0,502.0,361.0,66.0,5.0,1.0,9.0,13.0,15.0,0.0,11.0,1.0
2,6,482,122.25,18.0,0,3,443,0,22.4,1,207.72,2,90,4,5,3,90,1,56098,2,6343813,1.0,1.0,502.0,364.0,0.0,1.0,1.0,2.0,1.0,12.0,0.0,6.0,1.0
2,6,1420,396.54,39.5,0,7,443,0,21.2,0,569.5,4,238,13,10,7,395,1,51145,2,55517,1.0,1.0,502.0,361.0,66.0,4.0,1.0,9.0,5.0,15.0,0.0,2.0,1.0
0,6,0,0.0,0.0,0,0,449,0,30.67,0,0.0,1,0,0,3,0,0,3,49369,2,6672637,1.0,1.0,502.0,361.0,0.0,1.0,1.0,2.0,1.0,12.0,0.0,6.0,1.0
0,17,0,0.0,174.0,0,0,1900,174,8.0,0,0.0,1,174,0,8,0,1392,0,63784,1,7837124,1.0,1.0,502.0,361.0,0.0,1.0,1.0,2.0,1.0,12.0,0.0,6.0,1.0
1,17,228,119.0,34.0,0,3,53,35,8.0,0,77.39,3,40,3,3,2,102,0,60156,1,8688860,1.0,1.0,502.0,361.0,0.0,1.0,1.0,2.0,1.0,12.0,0.0,6.0,4.0
2,6,1460,576.08,90.27,0,6,443,0,21.09,1,650.96,5,341,12,11,5,993,1,50838,2,6501193,1.0,1.0,502.0,361.0,66.0,1.0,1.0,3.0,7.0,12.0,0.0,7.0,1.0
0,6,0,0.0,0.0,0,0,8080,0,30.67,0,0.0,1,0,0,3,0,0,3,55015,2,6215620,1.0,1.0,502.0,361.0,0.0,1.0,1.0,2.0,1.0,12.0,0.0,6.0,1.0
1,17,202,193.0,39.5,0,2,53,34,8.0,0,9.0,2,45,2,2,0,79,0,61739,1,4277083,1.0,1.0,502.0,361.0,0.0,1.0,1.0,2.0,1.0,12.0,0.0,6.0,1.0
2,6,247,55.55,248.5,1,5,1971,0,21.2,1,88.81,6,1460,11,10,9,2485,1,56238,2,4977576,1.0,8.0,502.0,361.0,66.0,5.0,1.0,9.0,5.0,15.0,0.0,1.0,1.0
0,17,0,0.0,174.0,0,0,1900,174,8.0,0,0.0,1,174,0,8,0,1392,0,62447,1,6535180,1.0,1.0,502.0,361.0,0.0,1.0,1.0,2.0,1.0,12.0,0.0,6.0,1.0
0,17,0,0.0,172.0,0,0,1900,172,8.0,0,0.0,1,172,0,4,0,688,0,41220,1,6247137,1.0,1.0,502.0,361.0,0.0,1.0,1.0,2.0,1.0,12.0,0.0,6.0,1.0
0,17,0,0.0,19.0,0,0,5355,19,8.0,0,0.0,1,19,0,2,0,38,0,65450,1,7041006,1.0,1.0,502.0,361.0,0.0,1.0,1.0,2.0,1.0,12.0,0.0,6.0,1.0
0,17,0,0.0,174.0,0,0,1900,174,8.0,0,0.0,1,174,0,4,0,696,0,54652,1,4669587,1.0,1.0,502.0,361.0,0.0,1.0,1.0,2.0,1.0,12.0,0.0,6.0,1.0
2,6,1460,110.88,942.06,18,4,32746,1460,20.38,1,354.62,9,1460,33,32,29,30146,1,55330,2,820295,1.0,1.0,200.0,0.0,0.0,1.0,1.0,2.0,1.0,12.0,0.0,6.0,1.0
0,17,0,0.0,172.0,0,0,1900,172,8.0,0,0.0,1,172,0,4,0,688,0,43953,1,9442108,1.0,1.0,502.0,361.0,0.0,1.0,1.0,2.0,1.0,12.0,0.0,6.0,1.0
0,17,0,0.0,174.0,0,0,1900,174,8.0,0,0.0,1,174,0,16,0,2784,0,50818,1,126109,1.0,1.0,502.0,361.0,0.0,1.0,1.0,2.0,1.0,12.0,0.0,6.0,1.0
2,6,1460,573.0,93.64,0,6,443,37,21.09,1,653.14,5,341,12,11,6,1030,1,54021,2,2784829,1.0,1.0,502.0,361.0,66.0,1.0,1.0,3.0,8.0,12.0,0.0,7.0,1.0
1,17,219,202.0,38.5,0,2,53,31,8.0,0,17.0,2,46,2,2,0,77,0,49776,1,2748252,1.0,1.0,502.0,361.0,0.0,1.0,1.0,2.0,1.0,12.0,0.0,6.0,1.0
2,6,315,73.86,108.83,0,4,80,0,22.0,1,115.26,3,366,7,6,5,653,1,50401,2,4654870,1.0,2.0,404.0,315.0,0.0,1.0,1.0,2.0,1.0,12.0,0.0,6.0,1.0
0,6,0,0.0,0.0,0,0,62836,0,20.0,0,0.0,1,0,0,3,0,0,0,443,1,2831061,1.0,1.0,502.0,361.0,0.0,1.0,1.0,2.0,1.0,12.0,0.0,6.0,1.0
1,17,202,125.5,33.5,0,2,53,33,8.0,0,76.5,2,34,2,2,1,67,0,53893,1,9961801,1.0,1.0,502.0,361.0,0.0,1.0,1.0,2.0,1.0,12.0,0.0,6.0,1.0
2,6,157,52.2,4.89,0,3,80,0,22.67,2,66.09,2,44,10,10,8,44,2,51796,2,6150435,1.0,1.0,200.0,104.0,0.0,1.0,1.0,2.0,1.0,12.0,0.0,6.0,1.0
2,6,562,112.4,134.4,0,2,443,0,22.4,1,224.8,2,672,5,5,4,672,1,58935,2,5627201,1.0,1.0,400.0,362.0,0.0,1.0,1.0,2.0,1.0,12.0,0.0,6.0,1.0
0,17,0,0.0,174.0,0,0,1900,174,8.0,0,0.0,1,174,0,4,0,696,0,63488,1,4268681,1.0,1.0,502.0,361.0,0.0,1.0,1.0,2.0,1.0,12.0,0.0,6.0,1.0
0,17,0,0.0,174.0,0,0,1900,174,8.0,0,0.0,1,174,0,12,0,2088,0,54976,1,1341996,1.0,1.0,502.0,361.0,0.0,1.0,1.0,2.0,1.0,12.0,0.0,6.0,1.0
2,6,517,65.2,330.2,2,4,3643,0,21.2,1,155.16,4,1460,10,10,9,3302,1,55457,2,9443155,1.0,1.0,502.0,361.0,66.0,5.0,1.0,17.0,4.0,17.0,0.0,1.0,1.0
1,6,0,0.0,0.0,0,1,443,0,30.67,0,0.0,1,0,3,3,3,0,3,52919,2,5202671,1.0,1.0,502.0,361.0,0.0,1.0,1.0,2.0,1.0,12.0,0.0,6.0,1.0
2,6,1420,659.59,24.32,0,8,443,1,20.39,0,677.45,6,385,49,31,22,754,1,52581,2,2305246,1.0,1.0,502.0,361.0,66.0,5.0,1.0,10.0,6.0,15.0,0.0,3.0,1.0
0,17,0,0.0,174.0,0,0,1900,174,8.0,0,0.0,1,174,0,4,0,696,0,64669,1,641150,1.0,1.0,502.0,361.0,0.0,1.0,1.0,2.0,1.0,12.0,0.0,6.0,1.0
1,17,60,60.0,32.0,0,1,53,32,8.0,0,0.0,1,32,1,1,1,32,0,52356,1,294901,1.0,1.0,502.0,361.0,0.0,1.0,1.0,2.0,1.0,12.0,0.0,6.0,1.0
2,6,478,97.0,9.33,0,3,443,0,22.0,1,190.52,2,56,5,6,4,56,1,57363,2,4028902,1.0,1.0,502.0,360.0,0.0,1.0,1.0,0.0,1.0,4.0,0.0,6.0,1.0
0,17,0,0.0,19.0,0,0,5355,19,8.0,0,0.0,1,19,0,2,0,38,0,63806,1,7459400,1.0,1.0,502.0,361.0,0.0,1.0,1.0,2.0,1.0,12.0,0.0,6.0,1.0
1,17,132,132.0,52.0,0,1,53,52,8.0,0,0.0,1,52,1,1,0,52,0,49558,1,2825211,1.0,1.0,502.0,361.0,0.0,1.0,1.0,2.0,1.0,12.0,0.0,6.0,5.0
2,6,155,51.8,8.8,0,3,80,0,22.4,1,65.46,2,44,5,5,4,44,1,52791,2,6494088,1.0,1.0,200.0,104.0,0.0,1.0,1.0,2.0,1.0,12.0,0.0,6.0,1.0
1,17,121,121.0,32.0,0,1,53,32,8.0,0,0.0,1,32,1,1,1,32,0,54739,1,9103015,1.0,1.0,502.0,361.0,0.0,1.0,1.0,2.0,1.0,12.0,0.0,6.0,3.0
2,6,490,124.25,18.67,0,3,443,0,22.0,2,211.19,2,56,4,6,3,112,1,58321,2,4388496,1.0,1.0,502.0,372.0,0.0,1.0,1.0,0.0,2.0,4.0,0.0,6.0,1.0
2,6,482,122.25,11.2,0,3,443,0,22.4,1,207.72,2,56,4,5,3,56,1,59827,2,3164367,1.0,1.0,502.0,364.0,0.0,1.0,1.0,0.0,1.0,4.0,0.0,6.0,1.0
1,17,98,98.0,42.0,0,1,53,42,8.0,0,0.0,1,42,1,1,1,42,0,53587,1,5290142,1.0,1.0,502.0,361.0,0.0,1.0,1.0,2.0,1.0,12.0,0.0,6.0,0.0
0,6,0,0.0,340.75,1,0,58531,0,21.5,0,0.0,5,1460,0,8,0,2726,1,443,2,7919170,1.0,1.0,502.0,361.0,0.0,1.0,1.0,2.0,1.0,12.0,0.0,5.0,1.0
0,17,0,0.0,174.0,0,0,1900,174,8.0,0,0.0,1,174,0,8,0,1392,0,55029,1,8862647,1.0,1.0,502.0,361.0,0.0,1.0,1.0,2.0,1.0,12.0,0.0,6.0,1.0
2,6,517,52.21,131.23,1,4,443,1,20.92,0,135.71,5,1109,14,13,12,1706,1,50202,2,7590847,1.0,1.0,502.0,361.0,0.0,1.0,1.0,10.0,4.0,15.0,0.0,5.0,1.0
1,17,97,97.0,49.0,0,1,53,49,8.0,0,0.0,1,49,1,1,1,49,0,56172,1,4556061,1.0,1.0,502.0,361.0,0.0,1.0,1.0,2.0,1.0,12.0,0.0,6.0,3.0
2,6,1399,107.35,23.39,0,3,80,1,20.67,0,338.05,3,410,17,18,15,421,1,53602,2,1317721,1.0,2.0,200.0,1399.0,0.0,1.0,1.0,2.0,1.0,12.0,0.0,6.0,1.0
2,6,1460,1204.83,36.82,0,3,80,0,21.09,1,541.0,2,405,18,11,3,405,1,56600,2,9263173,1.0,1.0,200.0,0.0,0.0,1.0,1.0,2.0,1.0,12.0,0.0,6.0,1.0
0,6,0,0.0,305.0,1,0,54853,37,21.33,0,0.0,6,1460,0,9,0,2745,1,443,2,4233060,1.0,1.0,502.0,361.0,0.0,1.0,1.0,2.0,1.0,12.0,0.0,6.0,1.0
0,17,0,0.0,656.0,0,0,3702,656,8.0,0,0.0,1,656,0,7,0,4592,0,50396,1,8611656,1.0,1.0,502.0,361.0,0.0,1.0,1.0,2.0,1.0,12.0,0.0,6.0,1.0
0,17,0,0.0,172.0,0,0,1900,172,8.0,0,0.0,1,172,0,4,0,688,0,54723,1,2245987,1.0,1.0,502.0,361.0,0.0,1.0,1.0,2.0,1.0,12.0,0.0,6.0,1.0
1,6,0,0.0,0.0,0,1,80,0,26.0,1,0.0,1,0,1,2,1,0,1,49188,2,7916501,1.0,1.0,502.0,361.0,0.0,1.0,1.0,2.0,1.0,12.0,0.0,6.0,1.0
0,17,0,0.0,175.0,0,0,1900,175,8.0,0,0.0,1,175,0,4,0,700,0,60441,1,1362004,1.0,1.0,502.0,361.0,0.0,1.0,1.0,2.0,1.0,12.0,0.0,6.0,1.0
1,6,0,0.0,0.0,0,1,80,0,30.67,0,0.0,1,0,3,3,3,0,3,49540,2,3084629,1.0,1.0,502.0,361.0,0.0,1.0,1.0,2.0,1.0,12.0,0.0,6.0,1.0
0,17,0,0.0,19.0,0,0,5355,19,8.0,0,0.0,1,19,0,2,0,38,0,60055,1,9270005,1.0,1.0,502.0,361.0,0.0,1.0,1.0,2.0,1.0,12.0,0.0,6.0,1.0
1,6,0,0.0,0.0,0,1,80,0,30.67,0,0.0,1,0,3,3,3,0,3,51815,2,8366234,1.0,1.0,502.0,361.0,0.0,1.0,1.0,2.0,1.0,12.0,0.0,6.0,1.0
1,6,0,0.0,0.0,0,1,8080,0,30.67,0,0.0,1,0,3,3,3,0,3,54705,2,380049,1.0,1.0,502.0,361.0,0.0,1.0,1.0,2.0,1.0,12.0,0.0,6.0,1.0
2,6,490,99.4,16.0,0,3,443,0,21.71,2,195.32,2,56,5,7,4,112,1,50387,2,706498,1.0,1.0,502.0,372.0,0.0,1.0,1.0,0.0,2.0,4.0,0.0,6.0,1.0
2,6,478,121.25,18.0,0,3,443,0,22.4,1,205.99,2,90,4,5,3,90,1,55024,2,899552,1.0,1.0,502.0,360.0,0.0,1.0,1.0,2.0,1.0,12.0,0.0,6.0,1.0
2,6,381,186.42,29.42,0,4,3333,0,22.32,1,148.91,3,241,19,19,9,559,4,49554,3,9882392,1.0,1.0,502.0,361.0,0.0,1.0,1.0,2.0,1.0,12.0,0.0,6.0,1.0
2,6,490,165.67,11.2,0,3,443,0,22.4,1,229.36,2,56,3,5,2,56,1,51849,2,2900170,1.0,1.0,502.0,372.0,0.0,1.0,1.0,0.0,1.0,4.0,0.0,6.0,1.0
0,6,0,0.0,0.0,0,0,8080,0,30.67,0,0.0,1,0,0,3,0,0,3,55286,2,6683521,1.0,1.0,502.0,361.0,0.0,1.0,1.0,2.0,1.0,12.0,0.0,6.0,1.0
1,6,0,0.0,0.0,0,1,443,0,30.67,0,0.0,1,0,3,3,3,0,3,63748,2,2866153,1.0,1.0,502.0,361.0,0.0,1.0,1.0,2.0,1.0,12.0,0.0,6.0,1.0
0,17,0,0.0,174.0,0,0,1900,174,8.0,0,0.0,1,174,0,8,0,1392,0,49435,1,5183202,1.0,1.0,502.0,361.0,0.0,1.0,1.0,2.0,1.0,12.0,0.0,6.0,1.0
2,6,1420,268.09,34.8,0,6,443,0,21.2,0,442.44,4,191,11,10,7,348,1,52014,2,951711,1.0,1.0,502.0,361.0,66.0,3.0,1.0,9.0,5.0,15.0,0.0,3.0,1.0
0,17,0,0.0,172.0,0,0,1900,172,8.0,0,0.0,1,172,0,4,0,688,0,49416,1,8214995,1.0,1.0,502.0,361.0,0.0,1.0,1.0,2.0,1.0,12.0,0.0,6.0,1.0
0,17,0,0.0,174.0,0,0,1900,174,8.0,0,0.0,1,174,0,12,0,2088,0,49753,1,7099821,1.0,1.0,502.0,361.0,0.0,1.0,1.0,2.0,1.0,12.0,0.0,6.0,1.0
0,17,0,0.0,172.0,0,0,1900,172,8.0,0,0.0,1,172,0,4,0,688,0,33385,1,2134433,1.0,1.0,502.0,361.0,0.0,1.0,1.0,2.0,1.0,12.0,0.0,6.0,1.0
0,17,0,0.0,125.75,0,0,1900,132,8.0,0,0.0,4,137,0,4,0,503,0,46863,1,6683368,1.0,1.0,502.0,361.0,0.0,1.0,1.0,2.0,1.0,12.0,0.0,6.0,1.0
0,17,0,0.0,30.0,0,0,5355,30,8.0,0,0.0,1,30,0,2,0,60,0,59403,1,6957202,1.0,1.0,502.0,361.0,0.0,1.0,1.0,2.0,1.0,12.0,0.0,6.0,1.0
2,6,157,52.2,8.8,0,3,80,0,22.4,1,66.09,2,44,5,5,4,44,1,61870,2,3766949,1.0,1.0,200.0,104.0,0.0,1.0,1.0,2.0,1.0,12.0,0.0,6.0,1.0
0,6,0,0.0,0.0,0,0,62191,0,20.0,0,0.0,1,0,0,3,0,0,0,443,1,9116562,1.0,1.0,502.0,361.0,0.0,1.0,1.0,2.0,1.0,12.0,0.0,6.0,1.0
2,6,1197,299.25,16.6,0,2,8008,0,22.4,1,518.32,2,83,4,5,3,83,1,53437,2,9157504,1.0,1.0,200.0,0.0,0.0,1.0,1.0,2.0,1.0,12.0,0.0,6.0,1.0
0,17,0,0.0,174.0,0,0,1900,174,8.0,0,0.0,1,174,0,16,0,2784,0,57669,1,9608072,1.0,1.0,502.0,361.0,0.0,1.0,1.0,2.0,1.0,12.0,0.0,6.0,1.0
2,6,209,69.88,292.88,1,5,46925,0,21.5,1,85.66,5,1460,8,8,6,2343,1,52303,2,1056472,1.0,8.0,502.0,361.0,66.0,5.0,1.0,9.0,5.0,15.0,0.0,1.0,1.0
1,17,58,58.0,42.0,0,1,53,42,8.0,0,0.0,1,42,1,1,1,42,0,56141,1,4392663,1.0,1.0,502.0,361.0,0.0,1.0,1.0,2.0,1.0,12.0,0.0,6.0,1.0
1,6,0,0.0,0.0,0,1,8080,0,30.67,0,0.0,1,0,3,3,3,0,3,51121,2,8970469,1.0,1.0,502.0,361.0,0.0,1.0,1.0,2.0,1.0,12.0,0.0,6.0,1.0
0,17,0,0.0,172.0,0,0,1900,172,8.0,0,0.0,1,172,0,4,0,688,0,58660,1,6269146,1.0,1.0,502.0,361.0,0.0,1.0,1.0,2.0,1.0,12.0,0.0,6.0,1.0
0,17,0,0.0,172.0,0,0,1900,172,8.0,0,0.0,1,172,0,4,0,688,0,35585,1,48960,1.0,1.0,502.0,361.0,0.0,1.0,1.0,2.0,1.0,12.0,0.0,6.0,1.0
1,17,101,101.0,40.0,0,1,53,40,8.0,0,0.0,1,40,1,1,1,40,0,59071,1,752260,1.0,1.0,502.0,361.0,0.0,1.0,1.0,2.0,1.0,12.0,0.0,6.0,0.0
2,6,482,122.25,18.0,0,3,443,0,22.4,1,207.72,2,90,4,5,3,90,1,58716,2,7839639,1.0,1.0,502.0,364.0,0.0,1.0,1.0,2.0,1.0,12.0,0.0,6.0,1.0
0,17,0,0.0,19.0,0,0,5355,19,8.0,0,0.0,1,19,0,2,0,38,0,61023,1,5693693,1.0,1.0,502.0,361.0,0.0,1.0,1.0,2.0,1.0,12.0,0.0,6.0,1.0
2,6,712,178.0,112.33,0,2,8080,0,22.0,1,308.31,2,674,4,6,3,674,1,62495,2,1048646,1.0,1.0,404.0,564.0,0.0,1.0,1.0,2.0,1.0,12.0,0.0,6.0,1.0
0,17,0,0.0,174.0,0,0,1900,174,8.0,0,0.0,1,174,0,20,0,3480,0,59420,1,2857460,1.0,1.0,502.0,361.0,0.0,1.0,1.0,2.0,1.0,12.0,0.0,6.0,1.0
1,6,0,0.0,0.0,0,1,80,0,30.67,0,0.0,1,0,3,3,3,0,3,51197,2,128031,1.0,1.0,502.0,361.0,0.0,1.0,1.0,2.0,1.0,12.0,0.0,6.0,1.0
1,6,0,0.0,0.0,0,1,8080,0,30.67,0,0.0,1,0,3,3,3,0,3,58644,2,3579637,1.0,1.0,502.0,361.0,0.0,1.0,1.0,2.0,1.0,12.0,0.0,6.0,1.0
2,6,1420,277.5,127.5,0,3,80,0,21.33,0,518.71,2,765,6,6,4,765,1,53828,2,7581432,1.0,1.0,302.0,690.0,0.0,1.0,1.0,2.0,1.0,12.0,0.0,6.0,1.0
0,6,0,0.0,305.0,1,0,60765,37,21.33,0,0.0,6,1460,0,9,0,2745,1,443,2,9739544,1.0,1.0,502.0,361.0,0.0,1.0,1.0,2.0,1.0,12.0,0.0,6.0,1.0
1,17,49,49.0,33.0,0,1,53,33,8.0,0,0.0,1,33,1,1,1,33,0,57285,1,3783350,1.0,1.0,502.0,361.0,0.0,1.0,1.0,2.0,1.0,12.0,0.0,6.0,1.0
2,6,482,122.25,18.0,0,3,443,0,22.4,1,207.72,2,90,4,5,3,90,1,62322,2,9952028,1.0,1.0,502.0,364.0,0.0,1.0,1.0,2.0,1.0,12.0,0.0,6.0,1.0
